GPU,Backend,Buffering,Iters,Items,Time
MI250,cxi-coarse,db,100000,8,1.95954
MI250,cxi-coarse,sb,100000,8,1.91613
MI250,cxi-fine,db,100000,8,1.69342
MI250,cxi-fine,sb,100000,8,1.71668
MI250,mpi,db,100000,8,3.17969
MI250,mpi,sb,100000,8,3.30094
MI250,cxi-coarse,db,100000,16,1.96435
MI250,cxi-coarse,sb,100000,16,1.93405
MI250,cxi-fine,db,100000,16,1.7053
MI250,cxi-fine,sb,100000,16,1.72192
MI250,mpi,db,100000,16,3.19915
MI250,mpi,sb,100000,16,3.18773
MI250,cxi-coarse,db,100000,32,1.9612
MI250,cxi-coarse,sb,100000,32,1.93606
MI250,cxi-fine,db,100000,32,1.70799
MI250,cxi-fine,sb,100000,32,1.73368
MI250,mpi,db,100000,32,3.30872
MI250,mpi,sb,100000,32,3.2937
MI250,cxi-coarse,db,100000,64,1.97799
MI250,cxi-coarse,sb,100000,64,1.93082
MI250,cxi-fine,db,100000,64,1.71784
MI250,cxi-fine,sb,100000,64,1.73248
MI250,mpi,db,100000,64,3.29573
MI250,mpi,sb,100000,64,3.31112
MI250,cxi-coarse,db,100000,128,1.98276
MI250,cxi-coarse,sb,100000,128,1.96406
MI250,cxi-fine,db,100000,128,1.73752
MI250,cxi-fine,sb,100000,128,1.74534
MI250,mpi,db,100000,128,3.32089
MI250,mpi,sb,100000,128,3.32238
MI250,cxi-coarse,db,100000,256,1.98964
MI250,cxi-coarse,sb,100000,256,1.98186
MI250,cxi-fine,db,100000,256,1.76302
MI250,cxi-fine,sb,100000,256,1.76793
MI250,mpi,db,100000,256,3.46937
MI250,mpi,sb,100000,256,3.35784
MI250,cxi-coarse,db,100000,512,2.01373
MI250,cxi-coarse,sb,100000,512,2.00435
MI250,cxi-fine,db,100000,512,1.7811
MI250,cxi-fine,sb,100000,512,1.80313
MI250,mpi,db,100000,512,3.92221
MI250,mpi,sb,100000,512,3.43027
MI250,cxi-coarse,db,100000,1024,2.03498
MI250,cxi-coarse,sb,100000,1024,2.02009
MI250,cxi-fine,db,100000,1024,1.7913
MI250,cxi-fine,sb,100000,1024,1.81579
MI250,mpi,db,100000,1024,3.85986
MI250,mpi,sb,100000,1024,3.51588
MI250,cxi-coarse,db,100000,2048,2.12059
MI250,cxi-coarse,sb,100000,2048,2.10564
MI250,cxi-fine,db,100000,2048,1.87308
MI250,cxi-fine,sb,100000,2048,1.91339
MI250,mpi,db,100000,2048,4.15356
MI250,mpi,sb,100000,2048,3.68278
MI250,cxi-coarse,db,100000,4096,2.21958
MI250,cxi-coarse,sb,100000,4096,2.18957
MI250,cxi-fine,db,100000,4096,1.97818
MI250,cxi-fine,sb,100000,4096,2.02056
MI250,mpi,db,100000,4096,4.1349
MI250,mpi,sb,100000,4096,3.79912
MI250,cxi-coarse,db,100000,8192,2.35741
MI250,cxi-coarse,sb,100000,8192,2.33999
MI250,cxi-fine,db,100000,8192,2.12246
MI250,cxi-fine,sb,100000,8192,2.14442
MI250,mpi,db,100000,8192,4.88435
MI250,mpi,sb,100000,8192,4.62719
MI250,cxi-coarse,db,100000,16384,2.66766
MI250,cxi-coarse,sb,100000,16384,2.62122
MI250,cxi-fine,db,100000,16384,2.43376
MI250,cxi-fine,sb,100000,16384,2.44602
MI250,mpi,db,100000,16384,5.09745
MI250,mpi,sb,100000,16384,4.74072
MI250,cxi-coarse,db,100000,32768,3.19583
MI250,cxi-coarse,sb,100000,32768,3.17469
MI250,cxi-fine,db,100000,32768,2.95702
MI250,cxi-fine,sb,100000,32768,2.98566
MI250,mpi,db,100000,32768,5.65367
MI250,mpi,sb,100000,32768,5.3925
MI250,cxi-coarse,db,100000,65536,4.33138
MI250,cxi-coarse,sb,100000,65536,4.35979
MI250,cxi-fine,db,100000,65536,4.08839
MI250,cxi-fine,sb,100000,65536,4.14311
MI250,mpi,db,100000,65536,6.76878
MI250,mpi,sb,100000,65536,6.42952
MI250,cxi-coarse,db,100000,131072,6.80609
MI250,cxi-coarse,sb,100000,131072,6.81719
MI250,cxi-fine,db,100000,131072,6.57934
MI250,cxi-fine,sb,100000,131072,6.54774
MI250,mpi,db,100000,131072,9.13456
MI250,mpi,sb,100000,131072,8.68081
MI250,cxi-coarse,db,100000,262144,11.4671
MI250,cxi-coarse,sb,100000,262144,11.4438
MI250,cxi-fine,db,100000,262144,11.1763
MI250,cxi-fine,sb,100000,262144,11.1526
MI250,mpi,db,100000,262144,13.5183
MI250,mpi,sb,100000,262144,13.3532
MI250,cxi-coarse,db,100000,524288,20.9665
MI250,cxi-coarse,sb,100000,524288,20.952
MI250,cxi-fine,db,100000,524288,20.5225
MI250,cxi-fine,sb,100000,524288,20.5014
MI250,mpi,db,100000,524288,22.7572
MI250,mpi,sb,100000,524288,22.4138
MI250,cxi-coarse,db,10000,1048576,3.98481
MI250,cxi-coarse,sb,10000,1048576,3.98158
MI250,cxi-fine,db,10000,1048576,3.9289
MI250,cxi-fine,sb,10000,1048576,3.92454
MI250,mpi,db,10000,1048576,4.10895
MI250,mpi,sb,10000,1048576,4.07675
MI250,cxi-coarse,db,10000,2097152,7.73834
MI250,cxi-coarse,sb,10000,2097152,7.73784
MI250,cxi-fine,db,10000,2097152,7.67139
MI250,cxi-fine,sb,10000,2097152,7.66657
MI250,mpi,db,10000,2097152,7.79348
MI250,mpi,sb,10000,2097152,7.74871
MI250,cxi-coarse,db,10000,4194304,15.2367
MI250,cxi-coarse,sb,10000,4194304,15.2322
MI250,cxi-fine,db,10000,4194304,15.16
MI250,cxi-fine,sb,10000,4194304,15.1534
MI250,mpi,db,10000,4194304,15.2175
MI250,mpi,sb,10000,4194304,15.1703
MI250,cxi-coarse,db,10000,8388608,30.2081
MI250,cxi-coarse,sb,10000,8388608,30.2027
MI250,cxi-fine,db,10000,8388608,30.1301
MI250,cxi-fine,sb,10000,8388608,30.1194
MI250,mpi,db,10000,8388608,30.0677
MI250,mpi,sb,10000,8388608,30.0335
MI250,cxi-coarse,db,1000,16777216,6.01425
MI250,cxi-coarse,sb,1000,16777216,6.01571
MI250,cxi-fine,db,1000,16777216,6.00749
MI250,cxi-fine,sb,1000,16777216,6.00885
MI250,mpi,db,1000,16777216,6.0179
MI250,mpi,sb,1000,16777216,6.01464
MI250,cxi-coarse,db,1000,33554432,12.0157
MI250,cxi-coarse,sb,1000,33554432,11.9984
MI250,cxi-fine,db,1000,33554432,11.9996
MI250,cxi-fine,sb,1000,33554432,11.9912
MI250,mpi,db,1000,33554432,11.9429
MI250,mpi,sb,1000,33554432,11.9443
MI250,cxi-coarse,db,1000,67108864,23.9995
MI250,cxi-coarse,sb,1000,67108864,23.9914
MI250,cxi-fine,db,1000,67108864,23.9857
MI250,cxi-fine,sb,1000,67108864,23.9717
MI250,mpi,db,1000,67108864,23.7938
MI250,mpi,sb,1000,67108864,23.7936
MI250,cxi-coarse,db,1000,134217728,47.9429
MI250,cxi-coarse,sb,1000,134217728,47.9505
MI250,cxi-fine,db,1000,134217728,47.918
MI250,cxi-fine,sb,1000,134217728,47.9359
MI250,mpi,db,1000,134217728,47.5017
MI250,mpi,sb,1000,134217728,47.4972
MI250,cxi-coarse,db,1000,268435456,95.8591
MI250,cxi-coarse,sb,1000,268435456,95.8814
MI250,cxi-fine,db,1000,268435456,95.8333
MI250,cxi-fine,sb,1000,268435456,95.823
MI250,mpi,db,1000,268435456,94.8986
MI250,mpi,sb,1000,268435456,94.8956
MI250,cxi-coarse,db,100000,8,2.26403
MI250,cxi-coarse,sb,100000,8,2.46565
MI250,cxi-fine,db,100000,8,2.01167
MI250,cxi-fine,sb,100000,8,2.34329
MI250,mpi,db,100000,8,3.50439
MI250,mpi,sb,100000,8,3.50037
MI250,cxi-coarse,db,100000,16,2.24615
MI250,cxi-coarse,sb,100000,16,2.46886
MI250,cxi-fine,db,100000,16,2.00454
MI250,cxi-fine,sb,100000,16,2.32434
MI250,mpi,db,100000,16,3.58542
MI250,mpi,sb,100000,16,3.49857
MI250,cxi-coarse,db,100000,32,2.25646
MI250,cxi-coarse,sb,100000,32,2.483
MI250,cxi-fine,db,100000,32,2.00722
MI250,cxi-fine,sb,100000,32,2.34522
MI250,mpi,db,100000,32,3.6189
MI250,mpi,sb,100000,32,3.72066
MI250,cxi-coarse,db,100000,64,2.2658
MI250,cxi-coarse,sb,100000,64,2.47997
MI250,cxi-fine,db,100000,64,2.02105
MI250,cxi-fine,sb,100000,64,2.35038
MI250,mpi,db,100000,64,3.61002
MI250,mpi,sb,100000,64,3.60936
MI250,cxi-coarse,db,100000,128,2.28051
MI250,cxi-coarse,sb,100000,128,2.49559
MI250,cxi-fine,db,100000,128,2.03785
MI250,cxi-fine,sb,100000,128,2.35797
MI250,mpi,db,100000,128,3.71473
MI250,mpi,sb,100000,128,3.71628
MI250,cxi-coarse,db,100000,256,2.28876
MI250,cxi-coarse,sb,100000,256,2.50059
MI250,cxi-fine,db,100000,256,2.05255
MI250,cxi-fine,sb,100000,256,2.36915
MI250,mpi,db,100000,256,3.6666
MI250,mpi,sb,100000,256,3.73313
MI250,cxi-coarse,db,100000,512,2.33482
MI250,cxi-coarse,sb,100000,512,2.55375
MI250,cxi-fine,db,100000,512,2.08528
MI250,cxi-fine,sb,100000,512,2.41143
MI250,mpi,db,100000,512,4.00976
MI250,mpi,sb,100000,512,3.82895
MI250,cxi-coarse,db,100000,1024,2.35005
MI250,cxi-coarse,sb,100000,1024,2.54891
MI250,cxi-fine,db,100000,1024,2.09477
MI250,cxi-fine,sb,100000,1024,2.44506
MI250,mpi,db,100000,1024,4.25331
MI250,mpi,sb,100000,1024,3.90477
MI250,cxi-coarse,db,100000,2048,2.42208
MI250,cxi-coarse,sb,100000,2048,2.65304
MI250,cxi-fine,db,100000,2048,2.1892
MI250,cxi-fine,sb,100000,2048,2.53776
MI250,mpi,db,100000,2048,4.27596
MI250,mpi,sb,100000,2048,3.98175
MI250,cxi-coarse,db,100000,4096,2.58794
MI250,cxi-coarse,sb,100000,4096,2.79358
MI250,cxi-fine,db,100000,4096,2.3217
MI250,cxi-fine,sb,100000,4096,2.6856
MI250,mpi,db,100000,4096,4.44757
MI250,mpi,sb,100000,4096,4.13524
MI250,cxi-coarse,db,100000,8192,2.87624
MI250,cxi-coarse,sb,100000,8192,3.03096
MI250,cxi-fine,db,100000,8192,2.63201
MI250,cxi-fine,sb,100000,8192,2.89683
MI250,mpi,db,100000,8192,6.0083
MI250,mpi,sb,100000,8192,5.79714
MI250,cxi-coarse,db,100000,16384,3.23683
MI250,cxi-coarse,sb,100000,16384,3.38215
MI250,cxi-fine,db,100000,16384,3.01056
MI250,cxi-fine,sb,100000,16384,3.21014
MI250,mpi,db,100000,16384,6.48289
MI250,mpi,sb,100000,16384,5.92612
MI250,cxi-coarse,db,100000,32768,3.80346
MI250,cxi-coarse,sb,100000,32768,4.00862
MI250,cxi-fine,db,100000,32768,3.56279
MI250,cxi-fine,sb,100000,32768,3.81576
MI250,mpi,db,100000,32768,6.68559
MI250,mpi,sb,100000,32768,6.55386
MI250,cxi-coarse,db,100000,65536,5.16874
MI250,cxi-coarse,sb,100000,65536,5.36596
MI250,cxi-fine,db,100000,65536,4.89541
MI250,cxi-fine,sb,100000,65536,5.15254
MI250,mpi,db,100000,65536,8.14113
MI250,mpi,sb,100000,65536,7.7507
MI250,cxi-coarse,db,100000,131072,7.90025
MI250,cxi-coarse,sb,100000,131072,7.98211
MI250,cxi-fine,db,100000,131072,7.6309
MI250,cxi-fine,sb,100000,131072,7.82899
MI250,mpi,db,100000,131072,10.4241
MI250,mpi,sb,100000,131072,10.0608
MI250,cxi-coarse,db,100000,262144,13.2882
MI250,cxi-coarse,sb,100000,262144,13.2727
MI250,cxi-fine,db,100000,262144,13.0035
MI250,cxi-fine,sb,100000,262144,13.1711
MI250,mpi,db,100000,262144,15.15
MI250,mpi,sb,100000,262144,15.0445
MI250,cxi-coarse,db,100000,524288,24.0086
MI250,cxi-coarse,sb,100000,524288,23.9206
MI250,cxi-fine,db,100000,524288,23.6117
MI250,cxi-fine,sb,100000,524288,23.5945
MI250,mpi,db,100000,524288,24.9123
MI250,mpi,sb,100000,524288,24.5838
MI250,cxi-coarse,db,10000,1048576,4.54435
MI250,cxi-coarse,sb,10000,1048576,4.55029
MI250,cxi-fine,db,10000,1048576,4.4848
MI250,cxi-fine,sb,10000,1048576,4.48168
MI250,mpi,db,10000,1048576,4.4259
MI250,mpi,sb,10000,1048576,4.40394
MI250,cxi-coarse,db,10000,2097152,8.80508
MI250,cxi-coarse,sb,10000,2097152,8.81526
MI250,cxi-fine,db,10000,2097152,8.7501
MI250,cxi-fine,sb,10000,2097152,8.7622
MI250,mpi,db,10000,2097152,8.36028
MI250,mpi,sb,10000,2097152,8.33002
MI250,cxi-coarse,db,10000,4194304,17.43
MI250,cxi-coarse,sb,10000,4194304,17.4505
MI250,cxi-fine,db,10000,4194304,17.2887
MI250,cxi-fine,sb,10000,4194304,17.3436
MI250,mpi,db,10000,4194304,16.2041
MI250,mpi,sb,10000,4194304,16.1309
MI250,cxi-coarse,db,10000,8388608,34.5021
MI250,cxi-coarse,sb,10000,8388608,34.5542
MI250,cxi-fine,db,10000,8388608,34.5204
MI250,cxi-fine,sb,10000,8388608,34.4274
MI250,mpi,db,10000,8388608,31.9194
MI250,mpi,sb,10000,8388608,31.8877
MI250,cxi-coarse,db,1000,16777216,6.90031
MI250,cxi-coarse,sb,1000,16777216,6.86381
MI250,cxi-fine,db,1000,16777216,6.86951
MI250,cxi-fine,sb,1000,16777216,6.86053
MI250,mpi,db,1000,16777216,6.37962
MI250,mpi,sb,1000,16777216,6.37742
MI250,cxi-coarse,db,1000,33554432,13.7924
MI250,cxi-coarse,sb,1000,33554432,13.804
MI250,cxi-fine,db,1000,33554432,13.7368
MI250,cxi-fine,sb,1000,33554432,13.6541
MI250,mpi,db,1000,33554432,12.6299
MI250,mpi,sb,1000,33554432,12.6574
MI250,cxi-coarse,db,1000,67108864,27.6062
MI250,cxi-coarse,sb,1000,67108864,27.4825
MI250,cxi-fine,db,1000,67108864,27.491
MI250,cxi-fine,sb,1000,67108864,27.4881
MI250,mpi,db,1000,67108864,25.2149
MI250,mpi,sb,1000,67108864,25.1611
MI250,cxi-coarse,db,1000,134217728,54.8715
MI250,cxi-coarse,sb,1000,134217728,55.0163
MI250,cxi-fine,db,1000,134217728,54.9334
MI250,cxi-fine,sb,1000,134217728,55.0969
MI250,mpi,db,1000,134217728,50.3075
MI250,mpi,sb,1000,134217728,50.3054
MI250,cxi-coarse,db,1000,268435456,110.346
MI250,cxi-coarse,sb,1000,268435456,110.753
MI250,cxi-fine,db,1000,268435456,110.516
MI250,cxi-fine,sb,1000,268435456,110.239
MI250,mpi,db,1000,268435456,100.476
MI250,mpi,sb,1000,268435456,100.515
MI250,cxi-coarse,db,100000,8,1.96066
MI250,cxi-coarse,sb,100000,8,1.93788
MI250,cxi-fine,db,100000,8,1.70214
MI250,cxi-fine,sb,100000,8,1.72357
MI250,mpi,db,100000,8,3.27098
MI250,mpi,sb,100000,8,3.28217
MI250,cxi-coarse,db,100000,16,1.97132
MI250,cxi-coarse,sb,100000,16,1.9288
MI250,cxi-fine,db,100000,16,1.70014
MI250,cxi-fine,sb,100000,16,1.72328
MI250,mpi,db,100000,16,3.28853
MI250,mpi,sb,100000,16,3.2686
MI250,cxi-coarse,db,100000,32,1.96637
MI250,cxi-coarse,sb,100000,32,1.9337
MI250,cxi-fine,db,100000,32,1.71861
MI250,cxi-fine,sb,100000,32,1.72795
MI250,mpi,db,100000,32,3.30421
MI250,mpi,sb,100000,32,3.29747
MI250,cxi-coarse,db,100000,64,1.9761
MI250,cxi-coarse,sb,100000,64,1.94425
MI250,cxi-fine,db,100000,64,1.71918
MI250,cxi-fine,sb,100000,64,1.73715
MI250,mpi,db,100000,64,3.40069
MI250,mpi,sb,100000,64,3.28736
MI250,cxi-coarse,db,100000,128,1.98587
MI250,cxi-coarse,sb,100000,128,1.9673
MI250,cxi-fine,db,100000,128,1.74103
MI250,cxi-fine,sb,100000,128,1.74835
MI250,mpi,db,100000,128,3.33781
MI250,mpi,sb,100000,128,3.41882
MI250,cxi-coarse,db,100000,256,2.00155
MI250,cxi-coarse,sb,100000,256,1.9793
MI250,cxi-fine,db,100000,256,1.75814
MI250,cxi-fine,sb,100000,256,1.76833
MI250,mpi,db,100000,256,3.38578
MI250,mpi,sb,100000,256,3.35913
MI250,cxi-coarse,db,100000,512,2.02479
MI250,cxi-coarse,sb,100000,512,2.00678
MI250,cxi-fine,db,100000,512,1.78514
MI250,cxi-fine,sb,100000,512,1.80511
MI250,mpi,db,100000,512,3.79755
MI250,mpi,sb,100000,512,3.43661
MI250,cxi-coarse,db,100000,1024,2.04071
MI250,cxi-coarse,sb,100000,1024,2.01747
MI250,cxi-fine,db,100000,1024,1.78995
MI250,cxi-fine,sb,100000,1024,1.81302
MI250,mpi,db,100000,1024,3.86323
MI250,mpi,sb,100000,1024,3.51131
MI250,cxi-coarse,db,100000,2048,2.1245
MI250,cxi-coarse,sb,100000,2048,2.12114
MI250,cxi-fine,db,100000,2048,1.88133
MI250,cxi-fine,sb,100000,2048,1.90379
MI250,mpi,db,100000,2048,4.05416
MI250,mpi,sb,100000,2048,3.79326
MI250,cxi-coarse,db,100000,4096,2.22668
MI250,cxi-coarse,sb,100000,4096,2.20249
MI250,cxi-fine,db,100000,4096,1.99149
MI250,cxi-fine,sb,100000,4096,2.01774
MI250,mpi,db,100000,4096,3.95544
MI250,mpi,sb,100000,4096,3.77731
MI250,cxi-coarse,db,100000,8192,2.36608
MI250,cxi-coarse,sb,100000,8192,2.3458
MI250,cxi-fine,db,100000,8192,2.1259
MI250,cxi-fine,sb,100000,8192,2.15488
MI250,mpi,db,100000,8192,4.9001
MI250,mpi,sb,100000,8192,4.62969
MI250,cxi-coarse,db,100000,16384,2.67027
MI250,cxi-coarse,sb,100000,16384,2.62897
MI250,cxi-fine,db,100000,16384,2.43887
MI250,cxi-fine,sb,100000,16384,2.44173
MI250,mpi,db,100000,16384,5.04239
MI250,mpi,sb,100000,16384,4.65352
MI250,cxi-coarse,db,100000,32768,3.20518
MI250,cxi-coarse,sb,100000,32768,3.1812
MI250,cxi-fine,db,100000,32768,2.95656
MI250,cxi-fine,sb,100000,32768,2.98257
MI250,mpi,db,100000,32768,5.66109
MI250,mpi,sb,100000,32768,5.311
MI250,cxi-coarse,db,100000,65536,4.32908
MI250,cxi-coarse,sb,100000,65536,4.38425
MI250,cxi-fine,db,100000,65536,4.08725
MI250,cxi-fine,sb,100000,65536,4.129
MI250,mpi,db,100000,65536,6.89582
MI250,mpi,sb,100000,65536,6.55347
MI250,cxi-coarse,db,100000,131072,6.85017
MI250,cxi-coarse,sb,100000,131072,6.81602
MI250,cxi-fine,db,100000,131072,6.58168
MI250,cxi-fine,sb,100000,131072,6.56311
MI250,mpi,db,100000,131072,9.15873
MI250,mpi,sb,100000,131072,8.73936
MI250,cxi-coarse,db,100000,262144,11.4741
MI250,cxi-coarse,sb,100000,262144,11.4663
MI250,cxi-fine,db,100000,262144,11.1786
MI250,cxi-fine,sb,100000,262144,11.1746
MI250,mpi,db,100000,262144,13.4525
MI250,mpi,sb,100000,262144,13.185
MI250,cxi-coarse,db,100000,524288,20.9924
MI250,cxi-coarse,sb,100000,524288,20.9682
MI250,cxi-fine,db,100000,524288,20.542
MI250,cxi-fine,sb,100000,524288,20.5069
MI250,mpi,db,100000,524288,22.8978
MI250,mpi,sb,100000,524288,22.5085
MI250,cxi-coarse,db,10000,1048576,3.98893
MI250,cxi-coarse,sb,10000,1048576,3.98749
MI250,cxi-fine,db,10000,1048576,3.92741
MI250,cxi-fine,sb,10000,1048576,3.9251
MI250,mpi,db,10000,1048576,4.12458
MI250,mpi,sb,10000,1048576,4.08782
MI250,cxi-coarse,db,10000,2097152,7.73957
MI250,cxi-coarse,sb,10000,2097152,7.73703
MI250,cxi-fine,db,10000,2097152,7.67235
MI250,cxi-fine,sb,10000,2097152,7.67335
MI250,mpi,db,10000,2097152,7.77291
MI250,mpi,sb,10000,2097152,7.74874
MI250,cxi-coarse,db,10000,4194304,15.235
MI250,cxi-coarse,sb,10000,4194304,15.2334
MI250,cxi-fine,db,10000,4194304,15.1594
MI250,cxi-fine,sb,10000,4194304,15.1539
MI250,mpi,db,10000,4194304,15.2207
MI250,mpi,sb,10000,4194304,15.1808
MI250,cxi-coarse,db,10000,8388608,30.22
MI250,cxi-coarse,sb,10000,8388608,30.1953
MI250,cxi-fine,db,10000,8388608,30.1447
MI250,cxi-fine,sb,10000,8388608,30.1619
MI250,mpi,db,10000,8388608,30.072
MI250,mpi,sb,10000,8388608,30.0338
MI250,cxi-coarse,db,1000,16777216,6.02116
MI250,cxi-coarse,sb,1000,16777216,6.02183
MI250,cxi-fine,db,1000,16777216,6.00716
MI250,cxi-fine,sb,1000,16777216,6.00631
MI250,mpi,db,1000,16777216,6.01938
MI250,mpi,sb,1000,16777216,6.01594
MI250,cxi-coarse,db,1000,33554432,11.9992
MI250,cxi-coarse,sb,1000,33554432,12.0026
MI250,cxi-fine,db,1000,33554432,11.9928
MI250,cxi-fine,sb,1000,33554432,11.9941
MI250,mpi,db,1000,33554432,11.9463
MI250,mpi,sb,1000,33554432,11.9446
MI250,cxi-coarse,db,1000,67108864,23.9718
MI250,cxi-coarse,sb,1000,67108864,23.9693
MI250,cxi-fine,db,1000,67108864,23.9712
MI250,cxi-fine,sb,1000,67108864,23.9406
MI250,mpi,db,1000,67108864,23.7992
MI250,mpi,sb,1000,67108864,23.7906
MI250,cxi-coarse,db,1000,134217728,47.8732
MI250,cxi-coarse,sb,1000,134217728,47.8869
MI250,cxi-fine,db,1000,134217728,47.85
MI250,cxi-fine,sb,1000,134217728,47.8633
MI250,mpi,db,1000,134217728,47.5025
MI250,mpi,sb,1000,134217728,47.5023
MI250,cxi-coarse,db,1000,268435456,95.6215
MI250,cxi-coarse,sb,1000,268435456,95.579
MI250,cxi-fine,db,1000,268435456,95.6209
MI250,cxi-fine,sb,1000,268435456,95.6139
MI250,mpi,db,1000,268435456,94.9137
MI250,mpi,sb,1000,268435456,94.9097
MI250,cxi-coarse,db,100000,8,1.88842
MI250,cxi-coarse,sb,100000,8,1.86993
MI250,cxi-fine,db,100000,8,1.62595
MI250,cxi-fine,sb,100000,8,1.61733
MI250,mpi,db,100000,8,3.17452
MI250,mpi,sb,100000,8,3.0154
MI250,cxi-coarse,db,100000,16,1.89176
MI250,cxi-coarse,sb,100000,16,1.87469
MI250,cxi-fine,db,100000,16,1.64284
MI250,cxi-fine,sb,100000,16,1.62023
MI250,mpi,db,100000,16,3.03202
MI250,mpi,sb,100000,16,3.09598
MI250,cxi-coarse,db,100000,32,1.89615
MI250,cxi-coarse,sb,100000,32,1.88805
MI250,cxi-fine,db,100000,32,1.6456
MI250,cxi-fine,sb,100000,32,1.63043
MI250,mpi,db,100000,32,3.12095
MI250,mpi,sb,100000,32,3.12367
MI250,cxi-coarse,db,100000,64,1.91616
MI250,cxi-coarse,sb,100000,64,1.88785
MI250,cxi-fine,db,100000,64,1.65286
MI250,cxi-fine,sb,100000,64,1.63716
MI250,mpi,db,100000,64,3.25796
MI250,mpi,sb,100000,64,3.12485
MI250,cxi-coarse,db,100000,128,1.92901
MI250,cxi-coarse,sb,100000,128,1.90407
MI250,cxi-fine,db,100000,128,1.67153
MI250,cxi-fine,sb,100000,128,1.65382
MI250,mpi,db,100000,128,3.27987
MI250,mpi,sb,100000,128,3.2545
MI250,cxi-coarse,db,100000,256,1.9397
MI250,cxi-coarse,sb,100000,256,1.91462
MI250,cxi-fine,db,100000,256,1.68975
MI250,cxi-fine,sb,100000,256,1.6725
MI250,mpi,db,100000,256,3.31297
MI250,mpi,sb,100000,256,3.39363
MI250,cxi-coarse,db,100000,512,1.97823
MI250,cxi-coarse,sb,100000,512,1.94591
MI250,cxi-fine,db,100000,512,1.72776
MI250,cxi-fine,sb,100000,512,1.69456
MI250,mpi,db,100000,512,3.72347
MI250,mpi,sb,100000,512,3.35483
MI250,cxi-coarse,db,100000,1024,1.98623
MI250,cxi-coarse,sb,100000,1024,1.94881
MI250,cxi-fine,db,100000,1024,1.73055
MI250,cxi-fine,sb,100000,1024,1.71196
MI250,mpi,db,100000,1024,3.80258
MI250,mpi,sb,100000,1024,3.45374
MI250,cxi-coarse,db,100000,2048,2.03583
MI250,cxi-coarse,sb,100000,2048,2.00835
MI250,cxi-fine,db,100000,2048,1.78879
MI250,cxi-fine,sb,100000,2048,1.77252
MI250,mpi,db,100000,2048,4.14923
MI250,mpi,sb,100000,2048,3.59582
MI250,cxi-coarse,db,100000,4096,2.08885
MI250,cxi-coarse,sb,100000,4096,2.10007
MI250,cxi-fine,db,100000,4096,1.87107
MI250,cxi-fine,sb,100000,4096,1.85367
MI250,mpi,db,100000,4096,4.0484
MI250,mpi,sb,100000,4096,3.69177
MI250,cxi-coarse,db,100000,8192,2.24052
MI250,cxi-coarse,sb,100000,8192,2.2127
MI250,cxi-fine,db,100000,8192,1.98639
MI250,cxi-fine,sb,100000,8192,1.97326
MI250,mpi,db,100000,8192,4.60471
MI250,mpi,sb,100000,8192,4.23243
MI250,cxi-coarse,db,100000,16384,2.53846
MI250,cxi-coarse,sb,100000,16384,2.49431
MI250,cxi-fine,db,100000,16384,2.32668
MI250,cxi-fine,sb,100000,16384,2.29193
MI250,mpi,db,100000,16384,4.97048
MI250,mpi,sb,100000,16384,4.54159
MI250,cxi-coarse,db,100000,32768,3.07196
MI250,cxi-coarse,sb,100000,32768,3.05389
MI250,cxi-fine,db,100000,32768,2.8447
MI250,cxi-fine,sb,100000,32768,2.80806
MI250,mpi,db,100000,32768,5.30184
MI250,mpi,sb,100000,32768,5.09449
MI250,cxi-coarse,db,100000,65536,4.18661
MI250,cxi-coarse,sb,100000,65536,4.20098
MI250,cxi-fine,db,100000,65536,3.93572
MI250,cxi-fine,sb,100000,65536,3.9426
MI250,mpi,db,100000,65536,6.60305
MI250,mpi,sb,100000,65536,6.20735
MI250,cxi-coarse,db,100000,131072,6.63762
MI250,cxi-coarse,sb,100000,131072,6.62182
MI250,cxi-fine,db,100000,131072,6.3627
MI250,cxi-fine,sb,100000,131072,6.34664
MI250,mpi,db,100000,131072,8.86992
MI250,mpi,sb,100000,131072,8.45271
MI250,cxi-coarse,db,100000,262144,11.144
MI250,cxi-coarse,sb,100000,262144,11.1378
MI250,cxi-fine,db,100000,262144,10.8577
MI250,cxi-fine,sb,100000,262144,10.8456
MI250,mpi,db,100000,262144,13.2535
MI250,mpi,sb,100000,262144,12.9574
MI250,cxi-coarse,db,100000,524288,20.502
MI250,cxi-coarse,sb,100000,524288,20.4609
MI250,cxi-fine,db,100000,524288,20.0552
MI250,cxi-fine,sb,100000,524288,20.0161
MI250,mpi,db,100000,524288,22.4761
MI250,mpi,sb,100000,524288,22.3106
MI250,cxi-coarse,db,10000,1048576,3.89443
MI250,cxi-coarse,sb,10000,1048576,3.89305
MI250,cxi-fine,db,10000,1048576,3.83579
MI250,cxi-fine,sb,10000,1048576,3.8326
MI250,mpi,db,10000,1048576,4.07923
MI250,mpi,sb,10000,1048576,4.05023
MI250,cxi-coarse,db,10000,2097152,7.57275
MI250,cxi-coarse,sb,10000,2097152,7.57348
MI250,cxi-fine,db,10000,2097152,7.50431
MI250,cxi-fine,sb,10000,2097152,7.5057
MI250,mpi,db,10000,2097152,7.74643
MI250,mpi,sb,10000,2097152,7.71823
MI250,cxi-coarse,db,10000,4194304,14.9157
MI250,cxi-coarse,sb,10000,4194304,14.9149
MI250,cxi-fine,db,10000,4194304,14.8389
MI250,cxi-fine,sb,10000,4194304,14.8367
MI250,mpi,db,10000,4194304,15.1516
MI250,mpi,sb,10000,4194304,15.1318
MI250,cxi-coarse,db,10000,8388608,29.5814
MI250,cxi-coarse,sb,10000,8388608,29.5811
MI250,cxi-fine,db,10000,8388608,29.5044
MI250,cxi-fine,sb,10000,8388608,29.5025
MI250,mpi,db,10000,8388608,29.9488
MI250,mpi,sb,10000,8388608,29.9197
MI250,cxi-coarse,db,1000,16777216,5.89183
MI250,cxi-coarse,sb,1000,16777216,5.89157
MI250,cxi-fine,db,1000,16777216,5.8835
MI250,cxi-fine,sb,1000,16777216,5.88355
MI250,mpi,db,1000,16777216,6.00025
MI250,mpi,sb,1000,16777216,5.99973
MI250,cxi-coarse,db,1000,33554432,11.7576
MI250,cxi-coarse,sb,1000,33554432,11.7576
MI250,cxi-fine,db,1000,33554432,11.7496
MI250,cxi-fine,sb,1000,33554432,11.7495
MI250,mpi,db,1000,33554432,11.9098
MI250,mpi,sb,1000,33554432,11.909
MI250,cxi-coarse,db,1000,67108864,23.4904
MI250,cxi-coarse,sb,1000,67108864,23.4906
MI250,cxi-fine,db,1000,67108864,23.4818
MI250,cxi-fine,sb,1000,67108864,23.4814
MI250,mpi,db,1000,67108864,23.7266
MI250,mpi,sb,1000,67108864,23.7242
MI250,cxi-coarse,db,1000,134217728,46.9563
MI250,cxi-coarse,sb,1000,134217728,46.956
MI250,cxi-fine,db,1000,134217728,46.9459
MI250,cxi-fine,sb,1000,134217728,46.9456
MI250,mpi,db,1000,134217728,47.367
MI250,mpi,sb,1000,134217728,47.3707
MI250,cxi-coarse,db,1000,268435456,93.8876
MI250,cxi-coarse,sb,1000,268435456,93.8874
MI250,cxi-fine,db,1000,268435456,93.8748
MI250,cxi-fine,sb,1000,268435456,93.8746
MI250,mpi,db,1000,268435456,94.6521
MI250,mpi,sb,1000,268435456,94.6399
MI250,cxi-coarse,db,100000,8,2.24378
MI250,cxi-coarse,sb,100000,8,2.4459
MI250,cxi-fine,db,100000,8,1.98338
MI250,cxi-fine,sb,100000,8,2.31263
MI250,mpi,db,100000,8,3.57113
MI250,mpi,sb,100000,8,3.56297
MI250,cxi-coarse,db,100000,16,2.23514
MI250,cxi-coarse,sb,100000,16,2.45179
MI250,cxi-fine,db,100000,16,1.99526
MI250,cxi-fine,sb,100000,16,2.32217
MI250,mpi,db,100000,16,3.55282
MI250,mpi,sb,100000,16,3.55356
MI250,cxi-coarse,db,100000,32,2.25942
MI250,cxi-coarse,sb,100000,32,2.45534
MI250,cxi-fine,db,100000,32,1.99475
MI250,cxi-fine,sb,100000,32,2.32344
MI250,mpi,db,100000,32,3.58681
MI250,mpi,sb,100000,32,3.57504
MI250,cxi-coarse,db,100000,64,2.24954
MI250,cxi-coarse,sb,100000,64,2.46084
MI250,cxi-fine,db,100000,64,2.00982
MI250,cxi-fine,sb,100000,64,2.33705
MI250,mpi,db,100000,64,3.57716
MI250,mpi,sb,100000,64,3.67385
MI250,cxi-coarse,db,100000,128,2.27332
MI250,cxi-coarse,sb,100000,128,2.47083
MI250,cxi-fine,db,100000,128,2.03028
MI250,cxi-fine,sb,100000,128,2.33987
MI250,mpi,db,100000,128,3.62209
MI250,mpi,sb,100000,128,3.59955
MI250,cxi-coarse,db,100000,256,2.29656
MI250,cxi-coarse,sb,100000,256,2.48716
MI250,cxi-fine,db,100000,256,2.04525
MI250,cxi-fine,sb,100000,256,2.34848
MI250,mpi,db,100000,256,3.64687
MI250,mpi,sb,100000,256,3.65658
MI250,cxi-coarse,db,100000,512,2.31975
MI250,cxi-coarse,sb,100000,512,2.5201
MI250,cxi-fine,db,100000,512,2.07823
MI250,cxi-fine,sb,100000,512,2.39362
MI250,mpi,db,100000,512,4.06669
MI250,mpi,sb,100000,512,3.69813
MI250,cxi-coarse,db,100000,1024,2.3402
MI250,cxi-coarse,sb,100000,1024,2.53666
MI250,cxi-fine,db,100000,1024,2.08298
MI250,cxi-fine,sb,100000,1024,2.41572
MI250,mpi,db,100000,1024,4.13096
MI250,mpi,sb,100000,1024,3.777
MI250,cxi-coarse,db,100000,2048,2.4176
MI250,cxi-coarse,sb,100000,2048,2.60651
MI250,cxi-fine,db,100000,2048,2.17211
MI250,cxi-fine,sb,100000,2048,2.51009
MI250,mpi,db,100000,2048,4.31597
MI250,mpi,sb,100000,2048,3.95613
MI250,cxi-coarse,db,100000,4096,2.56353
MI250,cxi-coarse,sb,100000,4096,2.75517
MI250,cxi-fine,db,100000,4096,2.32941
MI250,cxi-fine,sb,100000,4096,2.65218
MI250,mpi,db,100000,4096,4.42074
MI250,mpi,sb,100000,4096,4.09218
MI250,cxi-coarse,db,100000,8192,2.86183
MI250,cxi-coarse,sb,100000,8192,3.02754
MI250,cxi-fine,db,100000,8192,2.6177
MI250,cxi-fine,sb,100000,8192,2.87107
MI250,mpi,db,100000,8192,6.04856
MI250,mpi,sb,100000,8192,5.6457
MI250,cxi-coarse,db,100000,16384,3.22992
MI250,cxi-coarse,sb,100000,16384,3.37902
MI250,cxi-fine,db,100000,16384,2.96818
MI250,cxi-fine,sb,100000,16384,3.19327
MI250,mpi,db,100000,16384,6.4205
MI250,mpi,sb,100000,16384,6.09519
MI250,cxi-coarse,db,100000,32768,3.7862
MI250,cxi-coarse,sb,100000,32768,4.00308
MI250,cxi-fine,db,100000,32768,3.54246
MI250,cxi-fine,sb,100000,32768,3.80474
MI250,mpi,db,100000,32768,6.63397
MI250,mpi,sb,100000,32768,6.55397
MI250,cxi-coarse,db,100000,65536,5.11836
MI250,cxi-coarse,sb,100000,65536,5.31381
MI250,cxi-fine,db,100000,65536,4.87917
MI250,cxi-fine,sb,100000,65536,5.11926
MI250,mpi,db,100000,65536,8.01496
MI250,mpi,sb,100000,65536,7.75728
MI250,cxi-coarse,db,100000,131072,7.80748
MI250,cxi-coarse,sb,100000,131072,7.85222
MI250,cxi-fine,db,100000,131072,7.54083
MI250,cxi-fine,sb,100000,131072,7.7434
MI250,mpi,db,100000,131072,10.174
MI250,mpi,sb,100000,131072,9.83075
MI250,cxi-coarse,db,100000,262144,13.0783
MI250,cxi-coarse,sb,100000,262144,13.0951
MI250,cxi-fine,db,100000,262144,12.849
MI250,cxi-fine,sb,100000,262144,12.9352
MI250,mpi,db,100000,262144,14.6443
MI250,mpi,sb,100000,262144,14.2306
MI250,cxi-coarse,db,100000,524288,23.7696
MI250,cxi-coarse,sb,100000,524288,23.7407
MI250,cxi-fine,db,100000,524288,23.3073
MI250,cxi-fine,sb,100000,524288,23.3683
MI250,mpi,db,100000,524288,23.883
MI250,mpi,sb,100000,524288,23.5523
MI250,cxi-coarse,db,10000,1048576,4.48429
MI250,cxi-coarse,sb,10000,1048576,4.48051
MI250,cxi-fine,db,10000,1048576,4.41859
MI250,cxi-fine,sb,10000,1048576,4.40681
MI250,mpi,db,10000,1048576,4.21935
MI250,mpi,sb,10000,1048576,4.18967
MI250,cxi-coarse,db,10000,2097152,8.69369
MI250,cxi-coarse,sb,10000,2097152,8.69451
MI250,cxi-fine,db,10000,2097152,8.61791
MI250,cxi-fine,sb,10000,2097152,8.63117
MI250,mpi,db,10000,2097152,7.95947
MI250,mpi,sb,10000,2097152,7.91595
MI250,cxi-coarse,db,10000,4194304,17.0946
MI250,cxi-coarse,sb,10000,4194304,17.1484
MI250,cxi-fine,db,10000,4194304,17.0392
MI250,cxi-fine,sb,10000,4194304,16.9898
MI250,mpi,db,10000,4194304,15.4311
MI250,mpi,sb,10000,4194304,15.4161
MI250,cxi-coarse,db,10000,8388608,34.1384
MI250,cxi-coarse,sb,10000,8388608,34.1173
MI250,cxi-fine,db,10000,8388608,33.8154
MI250,cxi-fine,sb,10000,8388608,34.0484
MI250,mpi,db,10000,8388608,30.4113
MI250,mpi,sb,10000,8388608,30.3879
MI250,cxi-coarse,db,1000,16777216,6.76455
MI250,cxi-coarse,sb,1000,16777216,6.78722
MI250,cxi-fine,db,1000,16777216,6.75313
MI250,cxi-fine,sb,1000,16777216,6.75463
MI250,mpi,db,1000,16777216,6.08963
MI250,mpi,sb,1000,16777216,6.08733
MI250,cxi-coarse,db,1000,33554432,13.5283
MI250,cxi-coarse,sb,1000,33554432,13.5066
MI250,cxi-fine,db,1000,33554432,13.5022
MI250,cxi-fine,sb,1000,33554432,13.4973
MI250,mpi,db,1000,33554432,12.0843
MI250,mpi,sb,1000,33554432,12.0817
MI250,cxi-coarse,db,1000,67108864,26.9272
MI250,cxi-coarse,sb,1000,67108864,26.7972
MI250,cxi-fine,db,1000,67108864,26.9838
MI250,cxi-fine,sb,1000,67108864,26.964
MI250,mpi,db,1000,67108864,24.0729
MI250,mpi,sb,1000,67108864,24.0729
MI250,cxi-coarse,db,1000,134217728,54.0502
MI250,cxi-coarse,sb,1000,134217728,54.0348
MI250,cxi-fine,db,1000,134217728,54.2094
MI250,cxi-fine,sb,1000,134217728,53.894
MI250,mpi,db,1000,134217728,48.0508
MI250,mpi,sb,1000,134217728,48.048
MI250,cxi-coarse,db,1000,268435456,108.351
MI250,cxi-coarse,sb,1000,268435456,108.461
MI250,cxi-fine,db,1000,268435456,107.956
MI250,cxi-fine,sb,1000,268435456,108.361
MI250,mpi,db,1000,268435456,96.0037
MI250,mpi,sb,1000,268435456,96.0041
