GPU,Backend,Buffering,Iters,Items,Time
MI300,cxi-coarse,sb,100000,8,1.99913
MI300,cxi-coarse,db,100000,8,1.62673
MI300,cxi-fine,sb,100000,8,2.10462
MI300,cxi-fine,db,100000,8,3.51893
MI300,mpi,sb,100000,8,3.87704
MI300,mpi,db,100000,8,4.11872
MI300,cxi-coarse,sb,100000,16,5.21662
MI300,cxi-coarse,db,100000,16,1.65231
MI300,cxi-fine,sb,100000,16,5.09524
MI300,cxi-fine,db,100000,16,1.71314
MI300,mpi,sb,100000,16,3.75917
MI300,mpi,db,100000,16,3.79663
MI300,cxi-coarse,sb,100000,32,2.07014
MI300,cxi-coarse,db,100000,32,1.64305
MI300,cxi-fine,sb,100000,32,2.05765
MI300,cxi-fine,db,100000,32,1.66081
MI300,mpi,sb,100000,32,4.00743
MI300,mpi,db,100000,32,3.40306
MI300,cxi-coarse,sb,100000,64,2.08546
MI300,cxi-coarse,db,100000,64,1.6935
MI300,cxi-fine,sb,100000,64,2.12593
MI300,cxi-fine,db,100000,64,2.92677
MI300,mpi,sb,100000,64,4.42398
MI300,mpi,db,100000,64,4.49338
MI300,cxi-coarse,sb,100000,128,2.24702
MI300,cxi-coarse,db,100000,128,1.74946
MI300,cxi-fine,sb,100000,128,2.21407
MI300,cxi-fine,db,100000,128,2.4665
MI300,mpi,sb,100000,128,4.25495
MI300,mpi,db,100000,128,4.73146
MI300,cxi-coarse,sb,100000,256,2.2609
MI300,cxi-coarse,db,100000,256,1.82803
MI300,cxi-fine,sb,100000,256,2.3822
MI300,cxi-fine,db,100000,256,1.79841
MI300,mpi,sb,100000,256,4.34607
MI300,mpi,db,100000,256,4.20173
MI300,cxi-coarse,sb,100000,512,2.29904
MI300,cxi-coarse,db,100000,512,1.84413
MI300,cxi-fine,sb,100000,512,2.37788
MI300,cxi-fine,db,100000,512,1.74679
MI300,mpi,sb,100000,512,4.04178
MI300,mpi,db,100000,512,3.62982
MI300,cxi-coarse,sb,100000,1024,5.24985
MI300,cxi-coarse,db,100000,1024,1.76236
MI300,cxi-fine,sb,100000,1024,5.11104
MI300,cxi-fine,db,100000,1024,1.76026
MI300,mpi,sb,100000,1024,4.04202
MI300,mpi,db,100000,1024,4.20132
MI300,cxi-coarse,sb,100000,2048,5.22887
MI300,cxi-coarse,db,100000,2048,1.92078
MI300,cxi-fine,sb,100000,2048,5.15512
MI300,cxi-fine,db,100000,2048,1.91913
MI300,mpi,sb,100000,2048,3.6793
MI300,mpi,db,100000,2048,4.08884
MI300,cxi-coarse,sb,100000,4096,1.9877
MI300,cxi-coarse,db,100000,4096,2.00836
MI300,cxi-fine,sb,100000,4096,2.12652
MI300,cxi-fine,db,100000,4096,2.00536
MI300,mpi,sb,100000,4096,4.15025
MI300,mpi,db,100000,4096,4.14197
MI300,cxi-coarse,sb,100000,8192,2.15062
MI300,cxi-coarse,db,100000,8192,2.15353
MI300,cxi-fine,sb,100000,8192,2.22215
MI300,cxi-fine,db,100000,8192,2.19114
MI300,mpi,sb,100000,8192,5.22003
MI300,mpi,db,100000,8192,5.0694
MI300,cxi-coarse,sb,100000,16384,2.4312
MI300,cxi-coarse,db,100000,16384,2.46563
MI300,cxi-fine,sb,100000,16384,2.45087
MI300,cxi-fine,db,100000,16384,2.59192
MI300,mpi,sb,100000,16384,5.58178
MI300,mpi,db,100000,16384,5.60321
MI300,cxi-coarse,sb,100000,32768,2.95532
MI300,cxi-coarse,db,100000,32768,2.91443
MI300,cxi-fine,sb,100000,32768,4.55614
MI300,cxi-fine,db,100000,32768,2.94031
MI300,mpi,sb,100000,32768,5.56347
MI300,mpi,db,100000,32768,5.55804
MI300,cxi-coarse,sb,100000,65536,4.09092
MI300,cxi-coarse,db,100000,65536,4.04929
MI300,cxi-fine,sb,100000,65536,4.05958
MI300,cxi-fine,db,100000,65536,4.08979
MI300,mpi,sb,100000,65536,7.08924
MI300,mpi,db,100000,65536,7.03839
MI300,cxi-coarse,sb,100000,131072,6.34688
MI300,cxi-coarse,db,100000,131072,6.34143
MI300,cxi-fine,sb,100000,131072,6.28749
MI300,cxi-fine,db,100000,131072,6.2656
MI300,mpi,sb,100000,131072,9.39453
MI300,mpi,db,100000,131072,8.72782
MI300,cxi-coarse,sb,100000,262144,10.8472
MI300,cxi-coarse,db,100000,262144,10.832
MI300,cxi-fine,sb,100000,262144,10.7869
MI300,cxi-fine,db,100000,262144,10.8205
MI300,mpi,sb,100000,262144,13.5883
MI300,mpi,db,100000,262144,13.5814
MI300,cxi-coarse,sb,100000,524288,19.9899
MI300,cxi-coarse,db,100000,524288,19.9906
MI300,cxi-fine,sb,100000,524288,19.9771
MI300,cxi-fine,db,100000,524288,20.0027
MI300,mpi,sb,100000,524288,23.1843
MI300,mpi,db,100000,524288,23.1527
MI300,cxi-coarse,sb,10000,1048576,3.87099
MI300,cxi-coarse,db,10000,1048576,3.87902
MI300,cxi-fine,sb,10000,1048576,3.88782
MI300,cxi-fine,db,10000,1048576,3.88342
MI300,mpi,sb,10000,1048576,4.15184
MI300,mpi,db,10000,1048576,4.11684
MI300,cxi-coarse,sb,10000,2097152,7.65016
MI300,cxi-coarse,db,10000,2097152,7.61772
MI300,cxi-fine,sb,10000,2097152,7.65012
MI300,cxi-fine,db,10000,2097152,7.64187
MI300,mpi,sb,10000,2097152,7.62091
MI300,mpi,db,10000,2097152,7.61912
MI300,cxi-coarse,sb,10000,4194304,15.1541
MI300,cxi-coarse,db,10000,4194304,15.2405
MI300,cxi-fine,sb,10000,4194304,15.0933
MI300,cxi-fine,db,10000,4194304,14.6358
MI300,mpi,sb,10000,4194304,14.8546
MI300,mpi,db,10000,4194304,14.8894
MI300,cxi-coarse,sb,10000,8388608,32.1515
MI300,cxi-coarse,db,10000,8388608,30.1833
MI300,cxi-fine,sb,10000,8388608,32.0514
MI300,cxi-fine,db,10000,8388608,32.36
MI300,mpi,sb,10000,8388608,29.2669
MI300,mpi,db,10000,8388608,29.2277
MI300,cxi-coarse,sb,1000,16777216,6.35694
MI300,cxi-coarse,db,1000,16777216,6.85622
MI300,cxi-fine,sb,1000,16777216,6.8632
MI300,cxi-fine,db,1000,16777216,6.40509
MI300,mpi,sb,1000,16777216,5.79221
MI300,mpi,db,1000,16777216,5.78806
MI300,cxi-coarse,sb,1000,33554432,12.2198
MI300,cxi-coarse,db,1000,33554432,11.5426
MI300,cxi-fine,sb,1000,33554432,12.128
MI300,cxi-fine,db,1000,33554432,12.2291
MI300,mpi,sb,1000,33554432,11.5385
MI300,mpi,db,1000,33554432,11.5266
MI300,cxi-coarse,sb,1000,67108864,24.4616
MI300,cxi-coarse,db,1000,67108864,23.0623
MI300,cxi-fine,sb,1000,67108864,25.7158
MI300,cxi-fine,db,1000,67108864,24.5042
MI300,mpi,sb,1000,67108864,23.1515
MI300,mpi,db,1000,67108864,23.1142
MI300,cxi-coarse,sb,1000,134217728,50.652
MI300,cxi-coarse,db,1000,134217728,46.1887
MI300,cxi-fine,sb,1000,134217728,46.3792
MI300,cxi-fine,db,1000,134217728,49.0622
MI300,mpi,sb,1000,134217728,46.2308
MI300,mpi,db,1000,134217728,46.2284
MI300,cxi-coarse,sb,1000,268435456,99.0854
MI300,cxi-coarse,db,1000,268435456,98.4872
MI300,cxi-fine,sb,1000,268435456,98.8159
MI300,cxi-fine,db,1000,268435456,97.4197
MI300,mpi,sb,1000,268435456,92.2913
MI300,mpi,db,1000,268435456,92.4063
MI300,cxi-coarse,sb,100000,8,2.05663
MI300,cxi-coarse,db,100000,8,1.8121
MI300,cxi-fine,sb,100000,8,2.00711
MI300,cxi-fine,db,100000,8,1.7927
MI300,mpi,sb,100000,8,3.54463
MI300,mpi,db,100000,8,3.5899
MI300,cxi-coarse,sb,100000,16,2.00949
MI300,cxi-coarse,db,100000,16,1.77772
MI300,cxi-fine,sb,100000,16,2.03706
MI300,cxi-fine,db,100000,16,1.82185
MI300,mpi,sb,100000,16,4.24587
MI300,mpi,db,100000,16,4.16645
MI300,cxi-coarse,sb,100000,32,2.16843
MI300,cxi-coarse,db,100000,32,1.9099
MI300,cxi-fine,sb,100000,32,2.13045
MI300,cxi-fine,db,100000,32,1.90058
MI300,mpi,sb,100000,32,4.58045
MI300,mpi,db,100000,32,4.56387
MI300,cxi-coarse,sb,100000,64,2.23391
MI300,cxi-coarse,db,100000,64,1.90519
MI300,cxi-fine,sb,100000,64,2.38554
MI300,cxi-fine,db,100000,64,3.04661
MI300,mpi,sb,100000,64,5.20358
MI300,mpi,db,100000,64,4.56329
MI300,cxi-coarse,sb,100000,128,4.80172
MI300,cxi-coarse,db,100000,128,1.97035
MI300,cxi-fine,sb,100000,128,2.40738
MI300,cxi-fine,db,100000,128,1.96853
MI300,mpi,sb,100000,128,4.76314
MI300,mpi,db,100000,128,4.53967
MI300,cxi-coarse,sb,100000,256,4.31168
MI300,cxi-coarse,db,100000,256,1.99125
MI300,cxi-fine,sb,100000,256,2.23754
MI300,cxi-fine,db,100000,256,3.08496
MI300,mpi,sb,100000,256,4.83305
MI300,mpi,db,100000,256,4.55867
MI300,cxi-coarse,sb,100000,512,2.37557
MI300,cxi-coarse,db,100000,512,3.06644
MI300,cxi-fine,sb,100000,512,2.36013
MI300,cxi-fine,db,100000,512,2.04756
MI300,mpi,sb,100000,512,4.91273
MI300,mpi,db,100000,512,3.82732
MI300,cxi-coarse,sb,100000,1024,2.07406
MI300,cxi-coarse,db,100000,1024,1.92172
MI300,cxi-fine,sb,100000,1024,2.04095
MI300,cxi-fine,db,100000,1024,1.9202
MI300,mpi,sb,100000,1024,3.80317
MI300,mpi,db,100000,1024,3.74817
MI300,cxi-coarse,sb,100000,2048,2.1195
MI300,cxi-coarse,db,100000,2048,1.98783
MI300,cxi-fine,sb,100000,2048,2.18336
MI300,cxi-fine,db,100000,2048,1.97073
MI300,mpi,sb,100000,2048,4.3315
MI300,mpi,db,100000,2048,4.37295
MI300,cxi-coarse,sb,100000,4096,2.35407
MI300,cxi-coarse,db,100000,4096,2.22796
MI300,cxi-fine,sb,100000,4096,2.32381
MI300,cxi-fine,db,100000,4096,2.22243
MI300,mpi,sb,100000,4096,4.83286
MI300,mpi,db,100000,4096,4.50775
MI300,cxi-coarse,sb,100000,8192,2.63231
MI300,cxi-coarse,db,100000,8192,2.49202
MI300,cxi-fine,sb,100000,8192,4.65858
MI300,cxi-fine,db,100000,8192,2.62251
MI300,mpi,sb,100000,8192,6.66251
MI300,mpi,db,100000,8192,6.57012
MI300,cxi-coarse,sb,100000,16384,5.12934
MI300,cxi-coarse,db,100000,16384,3.43811
MI300,cxi-fine,sb,100000,16384,3.01114
MI300,cxi-fine,db,100000,16384,2.83169
MI300,mpi,sb,100000,16384,6.28011
MI300,mpi,db,100000,16384,5.9917
MI300,cxi-coarse,sb,100000,32768,3.4354
MI300,cxi-coarse,db,100000,32768,3.35946
MI300,cxi-fine,sb,100000,32768,3.5495
MI300,cxi-fine,db,100000,32768,3.3836
MI300,mpi,sb,100000,32768,6.70501
MI300,mpi,db,100000,32768,7.44876
MI300,cxi-coarse,sb,100000,65536,4.61896
MI300,cxi-coarse,db,100000,65536,4.50192
MI300,cxi-fine,sb,100000,65536,4.64814
MI300,cxi-fine,db,100000,65536,4.52722
MI300,mpi,sb,100000,65536,7.9982
MI300,mpi,db,100000,65536,7.50642
MI300,cxi-coarse,sb,100000,131072,6.8249
MI300,cxi-coarse,db,100000,131072,6.72179
MI300,cxi-fine,sb,100000,131072,6.78388
MI300,cxi-fine,db,100000,131072,6.68324
MI300,mpi,sb,100000,131072,9.7172
MI300,mpi,db,100000,131072,9.73289
MI300,cxi-coarse,sb,100000,262144,11.3153
MI300,cxi-coarse,db,100000,262144,11.1809
MI300,cxi-fine,sb,100000,262144,11.32
MI300,cxi-fine,db,100000,262144,11.2208
MI300,mpi,sb,100000,262144,14.5586
MI300,mpi,db,100000,262144,14.358
MI300,cxi-coarse,sb,100000,524288,20.2395
MI300,cxi-coarse,db,100000,524288,20.236
MI300,cxi-fine,sb,100000,524288,20.245
MI300,cxi-fine,db,100000,524288,20.2713
MI300,mpi,sb,100000,524288,23.7365
MI300,mpi,db,100000,524288,23.7671
MI300,cxi-coarse,sb,10000,1048576,3.82181
MI300,cxi-coarse,db,10000,1048576,3.82253
MI300,cxi-fine,sb,10000,1048576,3.82004
MI300,cxi-fine,db,10000,1048576,3.83552
MI300,mpi,sb,10000,1048576,4.13682
MI300,mpi,db,10000,1048576,4.14744
MI300,cxi-coarse,sb,10000,2097152,7.42025
MI300,cxi-coarse,db,10000,2097152,7.41866
MI300,cxi-fine,sb,10000,2097152,7.41972
MI300,cxi-fine,db,10000,2097152,7.43351
MI300,mpi,sb,10000,2097152,7.78481
MI300,mpi,db,10000,2097152,7.78841
MI300,cxi-coarse,sb,10000,4194304,14.5994
MI300,cxi-coarse,db,10000,4194304,18.9477
MI300,cxi-fine,sb,10000,4194304,14.6128
MI300,cxi-fine,db,10000,4194304,18.8298
MI300,mpi,sb,10000,4194304,15.0078
MI300,mpi,db,10000,4194304,15.1498
MI300,cxi-coarse,sb,10000,8388608,36.1306
MI300,cxi-coarse,db,10000,8388608,36.5493
MI300,cxi-fine,sb,10000,8388608,31.8552
MI300,cxi-fine,db,10000,8388608,36.5118
MI300,mpi,sb,10000,8388608,29.5043
MI300,mpi,db,10000,8388608,29.5127
MI300,cxi-coarse,sb,1000,16777216,6.90725
MI300,cxi-coarse,db,1000,16777216,7.24283
MI300,cxi-fine,sb,1000,16777216,7.25855
MI300,cxi-fine,db,1000,16777216,7.23972
MI300,mpi,sb,1000,16777216,5.83904
MI300,mpi,db,1000,16777216,5.84655
MI300,cxi-coarse,sb,1000,33554432,15.0676
MI300,cxi-coarse,db,1000,33554432,15.0755
MI300,cxi-fine,sb,1000,33554432,14.8969
MI300,cxi-fine,db,1000,33554432,14.9204
MI300,mpi,sb,1000,33554432,11.6363
MI300,mpi,db,1000,33554432,11.6159
MI300,cxi-coarse,sb,1000,67108864,26.9751
MI300,cxi-coarse,db,1000,67108864,27.0841
MI300,cxi-fine,sb,1000,67108864,27.0428
MI300,cxi-fine,db,1000,67108864,28.9551
MI300,mpi,sb,1000,67108864,23.3258
MI300,mpi,db,1000,67108864,23.3801
MI300,cxi-coarse,sb,1000,134217728,58.005
MI300,cxi-coarse,db,1000,134217728,58.2293
MI300,cxi-fine,sb,1000,134217728,58.0322
MI300,cxi-fine,db,1000,134217728,60.4104
MI300,mpi,sb,1000,134217728,46.5973
MI300,mpi,db,1000,134217728,46.6971
MI300,cxi-coarse,sb,1000,268435456,121.119
MI300,cxi-coarse,db,1000,268435456,119.833
MI300,cxi-fine,sb,1000,268435456,120.439
MI300,cxi-fine,db,1000,268435456,119.9
MI300,mpi,sb,1000,268435456,93.0045
MI300,mpi,db,1000,268435456,93.0045
MI300,cxi-coarse,sb,100000,8,1.96056
MI300,cxi-coarse,db,100000,8,1.60548
MI300,cxi-fine,sb,100000,8,2.04071
MI300,cxi-fine,db,100000,8,1.62725
MI300,mpi,sb,100000,8,3.02025
MI300,mpi,db,100000,8,3.39306
MI300,cxi-coarse,sb,100000,16,2.15814
MI300,cxi-coarse,db,100000,16,1.58573
MI300,cxi-fine,sb,100000,16,1.71983
MI300,cxi-fine,db,100000,16,1.6912
MI300,mpi,sb,100000,16,3.93338
MI300,mpi,db,100000,16,4.39682
MI300,cxi-coarse,sb,100000,32,2.09124
MI300,cxi-coarse,db,100000,32,2.484
MI300,cxi-fine,sb,100000,32,3.68632
MI300,cxi-fine,db,100000,32,1.71488
MI300,mpi,sb,100000,32,4.21084
MI300,mpi,db,100000,32,4.13878
MI300,cxi-coarse,sb,100000,64,2.1908
MI300,cxi-coarse,db,100000,64,1.75044
MI300,cxi-fine,sb,100000,64,2.47882
MI300,cxi-fine,db,100000,64,3.49097
MI300,mpi,sb,100000,64,4.60555
MI300,mpi,db,100000,64,4.31725
MI300,cxi-coarse,sb,100000,128,5.2844
MI300,cxi-coarse,db,100000,128,1.73094
MI300,cxi-fine,sb,100000,128,4.99576
MI300,cxi-fine,db,100000,128,1.76929
MI300,mpi,sb,100000,128,4.31074
MI300,mpi,db,100000,128,4.33992
MI300,cxi-coarse,sb,100000,256,2.34597
MI300,cxi-coarse,db,100000,256,1.80746
MI300,cxi-fine,sb,100000,256,2.30888
MI300,cxi-fine,db,100000,256,1.78266
MI300,mpi,sb,100000,256,4.41272
MI300,mpi,db,100000,256,4.28364
MI300,cxi-coarse,sb,100000,512,2.39314
MI300,cxi-coarse,db,100000,512,1.83133
MI300,cxi-fine,sb,100000,512,2.40389
MI300,cxi-fine,db,100000,512,1.76632
MI300,mpi,sb,100000,512,4.13929
MI300,mpi,db,100000,512,3.61919
MI300,cxi-coarse,sb,100000,1024,1.96002
MI300,cxi-coarse,db,100000,1024,1.71167
MI300,cxi-fine,sb,100000,1024,2.00142
MI300,cxi-fine,db,100000,1024,1.71621
MI300,mpi,sb,100000,1024,3.55816
MI300,mpi,db,100000,1024,3.7703
MI300,cxi-coarse,sb,100000,2048,2.29617
MI300,cxi-coarse,db,100000,2048,1.86627
MI300,cxi-fine,sb,100000,2048,2.12202
MI300,cxi-fine,db,100000,2048,1.83386
MI300,mpi,sb,100000,2048,4.55189
MI300,mpi,db,100000,2048,4.2452
MI300,cxi-coarse,sb,100000,4096,2.20598
MI300,cxi-coarse,db,100000,4096,1.97261
MI300,cxi-fine,sb,100000,4096,2.24839
MI300,cxi-fine,db,100000,4096,2.39013
MI300,mpi,sb,100000,4096,4.30438
MI300,mpi,db,100000,4096,5.06261
MI300,cxi-coarse,sb,100000,8192,2.2531
MI300,cxi-coarse,db,100000,8192,2.98629
MI300,cxi-fine,sb,100000,8192,5.36808
MI300,cxi-fine,db,100000,8192,2.19448
MI300,mpi,sb,100000,8192,5.76944
MI300,mpi,db,100000,8192,5.50588
MI300,cxi-coarse,sb,100000,16384,2.48696
MI300,cxi-coarse,db,100000,16384,2.4532
MI300,cxi-fine,sb,100000,16384,2.44895
MI300,cxi-fine,db,100000,16384,3.45221
MI300,mpi,sb,100000,16384,6.04007
MI300,mpi,db,100000,16384,5.6225
MI300,cxi-coarse,sb,100000,32768,3.02522
MI300,cxi-coarse,db,100000,32768,3.03017
MI300,cxi-fine,sb,100000,32768,3.00763
MI300,cxi-fine,db,100000,32768,3.02972
MI300,mpi,sb,100000,32768,6.07822
MI300,mpi,db,100000,32768,6.21717
MI300,cxi-coarse,sb,100000,65536,4.14662
MI300,cxi-coarse,db,100000,65536,4.16853
MI300,cxi-fine,sb,100000,65536,4.07777
MI300,cxi-fine,db,100000,65536,4.04332
MI300,mpi,sb,100000,65536,6.72399
MI300,mpi,db,100000,65536,6.44477
MI300,cxi-coarse,sb,100000,131072,6.22595
MI300,cxi-coarse,db,100000,131072,6.2677
MI300,cxi-fine,sb,100000,131072,6.2403
MI300,cxi-fine,db,100000,131072,6.24296
MI300,mpi,sb,100000,131072,8.41623
MI300,mpi,db,100000,131072,8.53016
MI300,cxi-coarse,sb,100000,262144,10.7811
MI300,cxi-coarse,db,100000,262144,10.7656
MI300,cxi-fine,sb,100000,262144,10.8124
MI300,cxi-fine,db,100000,262144,10.8474
MI300,mpi,sb,100000,262144,13.7042
MI300,mpi,db,100000,262144,13.6524
MI300,cxi-coarse,sb,100000,524288,19.8979
MI300,cxi-coarse,db,100000,524288,19.8904
MI300,cxi-fine,sb,100000,524288,19.8916
MI300,cxi-fine,db,100000,524288,19.9197
MI300,mpi,sb,100000,524288,23.1901
MI300,mpi,db,100000,524288,23.3764
MI300,cxi-coarse,sb,10000,1048576,3.86965
MI300,cxi-coarse,db,10000,1048576,3.87029
MI300,cxi-fine,sb,10000,1048576,3.87325
MI300,cxi-fine,db,10000,1048576,3.86865
MI300,mpi,sb,10000,1048576,4.10595
MI300,mpi,db,10000,1048576,4.10488
MI300,cxi-coarse,sb,10000,2097152,7.62527
MI300,cxi-coarse,db,10000,2097152,7.60143
MI300,cxi-fine,sb,10000,2097152,7.62238
MI300,cxi-fine,db,10000,2097152,7.59026
MI300,mpi,sb,10000,2097152,7.66244
MI300,mpi,db,10000,2097152,7.64006
MI300,cxi-coarse,sb,10000,4194304,15.0455
MI300,cxi-coarse,db,10000,4194304,17.4545
MI300,cxi-fine,sb,10000,4194304,15.1189
MI300,cxi-fine,db,10000,4194304,16.1107
MI300,mpi,sb,10000,4194304,14.8176
MI300,mpi,db,10000,4194304,14.9415
MI300,cxi-coarse,sb,10000,8388608,34.2141
MI300,cxi-coarse,db,10000,8388608,30.2603
MI300,cxi-fine,sb,10000,8388608,30.196
MI300,cxi-fine,db,10000,8388608,30.5774
MI300,mpi,sb,10000,8388608,29.1321
MI300,mpi,db,10000,8388608,29.1321
MI300,cxi-coarse,sb,1000,16777216,5.7817
MI300,cxi-coarse,db,1000,16777216,5.78197
MI300,cxi-fine,sb,1000,16777216,5.78171
MI300,cxi-fine,db,1000,16777216,5.78237
MI300,mpi,sb,1000,16777216,5.79072
MI300,mpi,db,1000,16777216,5.78596
MI300,cxi-coarse,sb,1000,33554432,11.5581
MI300,cxi-coarse,db,1000,33554432,11.5553
MI300,cxi-fine,sb,1000,33554432,11.5588
MI300,cxi-fine,db,1000,33554432,11.7884
MI300,mpi,sb,1000,33554432,11.5232
MI300,mpi,db,1000,33554432,11.5276
MI300,cxi-coarse,sb,1000,67108864,23.1147
MI300,cxi-coarse,db,1000,67108864,23.9555
MI300,cxi-fine,sb,1000,67108864,26.1196
MI300,cxi-fine,db,1000,67108864,25.8141
MI300,mpi,sb,1000,67108864,23.1555
MI300,mpi,db,1000,67108864,23.2703
MI300,cxi-coarse,sb,1000,134217728,51.1791
MI300,cxi-coarse,db,1000,134217728,51.1188
MI300,cxi-fine,sb,1000,134217728,54.7364
MI300,cxi-fine,db,1000,134217728,55.4118
MI300,mpi,sb,1000,134217728,46.3277
MI300,mpi,db,1000,134217728,46.5465
MI300,cxi-coarse,sb,1000,268435456,108.823
MI300,cxi-coarse,db,1000,268435456,110.059
MI300,cxi-fine,sb,1000,268435456,105.398
MI300,cxi-fine,db,1000,268435456,108.818
MI300,mpi,sb,1000,268435456,92.5044
MI300,mpi,db,1000,268435456,92.5212
MI300,cxi-coarse,sb,100000,8,2.02366
MI300,cxi-coarse,db,100000,8,1.59454
MI300,cxi-fine,sb,100000,8,1.68541
MI300,cxi-fine,db,100000,8,1.61895
MI300,mpi,sb,100000,8,3.45158
MI300,mpi,db,100000,8,3.40739
MI300,cxi-coarse,sb,100000,16,2.03024
MI300,cxi-coarse,db,100000,16,1.61071
MI300,cxi-fine,sb,100000,16,1.92025
MI300,cxi-fine,db,100000,16,1.60192
MI300,mpi,sb,100000,16,3.86926
MI300,mpi,db,100000,16,4.26467
MI300,cxi-coarse,sb,100000,32,2.08813
MI300,cxi-coarse,db,100000,32,1.70319
MI300,cxi-fine,sb,100000,32,3.83216
MI300,cxi-fine,db,100000,32,1.67145
MI300,mpi,sb,100000,32,4.19854
MI300,mpi,db,100000,32,4.08564
MI300,cxi-coarse,sb,100000,64,2.19467
MI300,cxi-coarse,db,100000,64,1.76985
MI300,cxi-fine,sb,100000,64,2.40042
MI300,cxi-fine,db,100000,64,1.75108
MI300,mpi,sb,100000,64,4.20276
MI300,mpi,db,100000,64,4.26091
MI300,cxi-coarse,sb,100000,128,2.35358
MI300,cxi-coarse,db,100000,128,1.77977
MI300,cxi-fine,sb,100000,128,4.40571
MI300,cxi-fine,db,100000,128,1.76485
MI300,mpi,sb,100000,128,5.24469
MI300,mpi,db,100000,128,4.23108
MI300,cxi-coarse,sb,100000,256,2.44954
MI300,cxi-coarse,db,100000,256,1.77764
MI300,cxi-fine,sb,100000,256,2.34826
MI300,cxi-fine,db,100000,256,1.77041
MI300,mpi,sb,100000,256,4.42565
MI300,mpi,db,100000,256,4.11157
MI300,cxi-coarse,sb,100000,512,2.37685
MI300,cxi-coarse,db,100000,512,3.02192
MI300,cxi-fine,sb,100000,512,2.36404
MI300,cxi-fine,db,100000,512,1.74493
MI300,mpi,sb,100000,512,3.93945
MI300,mpi,db,100000,512,3.09313
MI300,cxi-coarse,sb,100000,1024,1.91669
MI300,cxi-coarse,db,100000,1024,1.74811
MI300,cxi-fine,sb,100000,1024,2.11324
MI300,cxi-fine,db,100000,1024,1.70001
MI300,mpi,sb,100000,1024,3.84255
MI300,mpi,db,100000,1024,3.87774
MI300,cxi-coarse,sb,100000,2048,1.97317
MI300,cxi-coarse,db,100000,2048,1.85575
MI300,cxi-fine,sb,100000,2048,1.90942
MI300,cxi-fine,db,100000,2048,1.85079
MI300,mpi,sb,100000,2048,4.8035
MI300,mpi,db,100000,2048,4.11691
MI300,cxi-coarse,sb,100000,4096,2.18573
MI300,cxi-coarse,db,100000,4096,2.06476
MI300,cxi-fine,sb,100000,4096,4.40109
MI300,cxi-fine,db,100000,4096,2.44232
MI300,mpi,sb,100000,4096,4.42074
MI300,mpi,db,100000,4096,4.74209
MI300,cxi-coarse,sb,100000,8192,2.4685
MI300,cxi-coarse,db,100000,8192,3.37037
MI300,cxi-fine,sb,100000,8192,2.38588
MI300,cxi-fine,db,100000,8192,2.21974
MI300,mpi,sb,100000,8192,5.40745
MI300,mpi,db,100000,8192,5.296
MI300,cxi-coarse,sb,100000,16384,2.46154
MI300,cxi-coarse,db,100000,16384,2.46425
MI300,cxi-fine,sb,100000,16384,2.45881
MI300,cxi-fine,db,100000,16384,2.47717
MI300,mpi,sb,100000,16384,6.29892
MI300,mpi,db,100000,16384,5.61881
MI300,cxi-coarse,sb,100000,32768,2.9416
MI300,cxi-coarse,db,100000,32768,2.99197
MI300,cxi-fine,sb,100000,32768,2.86159
MI300,cxi-fine,db,100000,32768,2.87485
MI300,mpi,sb,100000,32768,5.26772
MI300,mpi,db,100000,32768,5.26832
MI300,cxi-coarse,sb,100000,65536,3.98407
MI300,cxi-coarse,db,100000,65536,4.01604
MI300,cxi-fine,sb,100000,65536,3.99055
MI300,cxi-fine,db,100000,65536,3.96759
MI300,mpi,sb,100000,65536,6.51478
MI300,mpi,db,100000,65536,6.83437
MI300,cxi-coarse,sb,100000,131072,6.28707
MI300,cxi-coarse,db,100000,131072,6.28928
MI300,cxi-fine,sb,100000,131072,6.23497
MI300,cxi-fine,db,100000,131072,6.31279
MI300,mpi,sb,100000,131072,8.89843
MI300,mpi,db,100000,131072,8.96332
MI300,cxi-coarse,sb,100000,262144,10.8116
MI300,cxi-coarse,db,100000,262144,10.8495
MI300,cxi-fine,sb,100000,262144,10.8347
MI300,cxi-fine,db,100000,262144,10.881
MI300,mpi,sb,100000,262144,14.0038
MI300,mpi,db,100000,262144,14.0184
MI300,cxi-coarse,sb,100000,524288,19.9433
MI300,cxi-coarse,db,100000,524288,19.9538
MI300,cxi-fine,sb,100000,524288,19.9582
MI300,cxi-fine,db,100000,524288,19.9609
MI300,mpi,sb,100000,524288,23.1851
MI300,mpi,db,100000,524288,23.5707
MI300,cxi-coarse,sb,10000,1048576,3.86734
MI300,cxi-coarse,db,10000,1048576,3.8665
MI300,cxi-fine,sb,10000,1048576,3.86501
MI300,cxi-fine,db,10000,1048576,3.86995
MI300,mpi,sb,10000,1048576,4.09159
MI300,mpi,db,10000,1048576,4.15464
MI300,cxi-coarse,sb,10000,2097152,7.60526
MI300,cxi-coarse,db,10000,2097152,7.6058
MI300,cxi-fine,sb,10000,2097152,7.6043
MI300,cxi-fine,db,10000,2097152,7.6038
MI300,mpi,sb,10000,2097152,7.59474
MI300,mpi,db,10000,2097152,7.59074
MI300,cxi-coarse,sb,10000,4194304,15.0681
MI300,cxi-coarse,db,10000,4194304,14.6286
MI300,cxi-fine,sb,10000,4194304,15.0745
MI300,cxi-fine,db,10000,4194304,14.6259
MI300,mpi,sb,10000,4194304,14.7551
MI300,mpi,db,10000,4194304,14.7924
MI300,cxi-coarse,sb,10000,8388608,29.0257
MI300,cxi-coarse,db,10000,8388608,29.0584
MI300,cxi-fine,sb,10000,8388608,29.656
MI300,cxi-fine,db,10000,8388608,29.8092
MI300,mpi,sb,10000,8388608,29.1646
MI300,mpi,db,10000,8388608,29.1739
MI300,cxi-coarse,sb,1000,16777216,5.90807
MI300,cxi-coarse,db,1000,16777216,5.90282
MI300,cxi-fine,sb,1000,16777216,5.89379
MI300,cxi-fine,db,1000,16777216,6.44618
MI300,mpi,sb,1000,16777216,5.79624
MI300,mpi,db,1000,16777216,5.79982
MI300,cxi-coarse,sb,1000,33554432,13.7877
MI300,cxi-coarse,db,1000,33554432,13.6082
MI300,cxi-fine,sb,1000,33554432,13.6108
MI300,cxi-fine,db,1000,33554432,13.5983
MI300,mpi,sb,1000,33554432,11.566
MI300,mpi,db,1000,33554432,11.5618
MI300,cxi-coarse,sb,1000,67108864,27.1925
MI300,cxi-coarse,db,1000,67108864,27.1702
MI300,cxi-fine,sb,1000,67108864,27.5387
MI300,cxi-fine,db,1000,67108864,27.4879
MI300,mpi,sb,1000,67108864,23.1932
MI300,mpi,db,1000,67108864,23.184
MI300,cxi-coarse,sb,1000,134217728,54.4031
MI300,cxi-coarse,db,1000,134217728,54.2758
MI300,cxi-fine,sb,1000,134217728,48.2833
MI300,cxi-fine,db,1000,134217728,48.2876
MI300,mpi,sb,1000,134217728,46.2011
MI300,mpi,db,1000,134217728,46.2417
MI300,cxi-coarse,sb,1000,268435456,92.1936
MI300,cxi-coarse,db,1000,268435456,92.1887
MI300,cxi-fine,sb,1000,268435456,92.1888
MI300,cxi-fine,db,1000,268435456,92.1918
MI300,mpi,sb,1000,268435456,92.0133
MI300,mpi,db,1000,268435456,92.1747
MI300,cxi-coarse,sb,100000,8,1.99253
MI300,cxi-coarse,db,100000,8,1.818
MI300,cxi-fine,sb,100000,8,2.02112
MI300,cxi-fine,db,100000,8,1.81099
MI300,mpi,sb,100000,8,3.58262
MI300,mpi,db,100000,8,3.49996
MI300,cxi-coarse,sb,100000,16,2.03675
MI300,cxi-coarse,db,100000,16,1.82918
MI300,cxi-fine,sb,100000,16,2.08151
MI300,cxi-fine,db,100000,16,1.84393
MI300,mpi,sb,100000,16,4.06493
MI300,mpi,db,100000,16,4.28721
MI300,cxi-coarse,sb,100000,32,2.23281
MI300,cxi-coarse,db,100000,32,1.89068
MI300,cxi-fine,sb,100000,32,2.22814
MI300,cxi-fine,db,100000,32,1.8859
MI300,mpi,sb,100000,32,4.44943
MI300,mpi,db,100000,32,4.48326
MI300,cxi-coarse,sb,100000,64,2.23388
MI300,cxi-coarse,db,100000,64,1.93922
MI300,cxi-fine,sb,100000,64,2.32558
MI300,cxi-fine,db,100000,64,1.97258
MI300,mpi,sb,100000,64,4.99466
MI300,mpi,db,100000,64,4.96576
MI300,cxi-coarse,sb,100000,128,2.28755
MI300,cxi-coarse,db,100000,128,3.55049
MI300,cxi-fine,sb,100000,128,2.38999
MI300,cxi-fine,db,100000,128,3.2065
MI300,mpi,sb,100000,128,4.62971
MI300,mpi,db,100000,128,4.57368
MI300,cxi-coarse,sb,100000,256,2.36947
MI300,cxi-coarse,db,100000,256,1.9857
MI300,cxi-fine,sb,100000,256,2.31701
MI300,cxi-fine,db,100000,256,1.99337
MI300,mpi,sb,100000,256,4.98338
MI300,mpi,db,100000,256,4.92906
MI300,cxi-coarse,sb,100000,512,2.3846
MI300,cxi-coarse,db,100000,512,1.9857
MI300,cxi-fine,sb,100000,512,2.38823
MI300,cxi-fine,db,100000,512,1.93881
MI300,mpi,sb,100000,512,4.19093
MI300,mpi,db,100000,512,3.76187
MI300,cxi-coarse,sb,100000,1024,2.08603
MI300,cxi-coarse,db,100000,1024,1.91559
MI300,cxi-fine,sb,100000,1024,2.06669
MI300,cxi-fine,db,100000,1024,1.91325
MI300,mpi,sb,100000,1024,3.99311
MI300,mpi,db,100000,1024,4.12935
MI300,cxi-coarse,sb,100000,2048,2.16985
MI300,cxi-coarse,db,100000,2048,2.45218
MI300,cxi-fine,sb,100000,2048,2.25206
MI300,cxi-fine,db,100000,2048,2.0935
MI300,mpi,sb,100000,2048,4.39788
MI300,mpi,db,100000,2048,4.35778
MI300,cxi-coarse,sb,100000,4096,2.34511
MI300,cxi-coarse,db,100000,4096,2.23467
MI300,cxi-fine,sb,100000,4096,3.70769
MI300,cxi-fine,db,100000,4096,2.26745
MI300,mpi,sb,100000,4096,4.84499
MI300,mpi,db,100000,4096,4.78672
MI300,cxi-coarse,sb,100000,8192,5.24224
MI300,cxi-coarse,db,100000,8192,3.447
MI300,cxi-fine,sb,100000,8192,2.70696
MI300,cxi-fine,db,100000,8192,3.48243
MI300,mpi,sb,100000,8192,6.48534
MI300,mpi,db,100000,8192,6.1265
MI300,cxi-coarse,sb,100000,16384,3.02541
MI300,cxi-coarse,db,100000,16384,3.20194
MI300,cxi-fine,sb,100000,16384,5.29405
MI300,cxi-fine,db,100000,16384,3.50634
MI300,mpi,sb,100000,16384,6.75972
MI300,mpi,db,100000,16384,6.34141
MI300,cxi-coarse,sb,100000,32768,5.27562
MI300,cxi-coarse,db,100000,32768,3.38805
MI300,cxi-fine,sb,100000,32768,4.42132
MI300,cxi-fine,db,100000,32768,3.40268
MI300,mpi,sb,100000,32768,6.95112
MI300,mpi,db,100000,32768,7.03076
MI300,cxi-coarse,sb,100000,65536,4.63892
MI300,cxi-coarse,db,100000,65536,4.42407
MI300,cxi-fine,sb,100000,65536,4.58891
MI300,cxi-fine,db,100000,65536,4.40766
MI300,mpi,sb,100000,65536,7.18913
MI300,mpi,db,100000,65536,7.11293
MI300,cxi-coarse,sb,100000,131072,6.73156
MI300,cxi-coarse,db,100000,131072,6.59606
MI300,cxi-fine,sb,100000,131072,6.71855
MI300,cxi-fine,db,100000,131072,6.58808
MI300,mpi,sb,100000,131072,9.6465
MI300,mpi,db,100000,131072,9.55102
MI300,cxi-coarse,sb,100000,262144,11.2477
MI300,cxi-coarse,db,100000,262144,11.1707
MI300,cxi-fine,sb,100000,262144,11.2991
MI300,cxi-fine,db,100000,262144,11.1797
MI300,mpi,sb,100000,262144,14.4775
MI300,mpi,db,100000,262144,14.5674
MI300,cxi-coarse,sb,100000,524288,20.1623
MI300,cxi-coarse,db,100000,524288,20.2077
MI300,cxi-fine,sb,100000,524288,20.1804
MI300,cxi-fine,db,100000,524288,20.2116
MI300,mpi,sb,100000,524288,23.8772
MI300,mpi,db,100000,524288,24.3382
MI300,cxi-coarse,sb,10000,1048576,3.83908
MI300,cxi-coarse,db,10000,1048576,3.83611
MI300,cxi-fine,sb,10000,1048576,3.83568
MI300,cxi-fine,db,10000,1048576,3.83467
MI300,mpi,sb,10000,1048576,4.15356
MI300,mpi,db,10000,1048576,4.17895
MI300,cxi-coarse,sb,10000,2097152,7.43757
MI300,cxi-coarse,db,10000,2097152,7.46022
MI300,cxi-fine,sb,10000,2097152,7.46743
MI300,cxi-fine,db,10000,2097152,7.46256
MI300,mpi,sb,10000,2097152,7.80859
MI300,mpi,db,10000,2097152,7.81104
MI300,cxi-coarse,sb,10000,4194304,14.7238
MI300,cxi-coarse,db,10000,4194304,18.294
MI300,cxi-fine,sb,10000,4194304,14.6929
MI300,cxi-fine,db,10000,4194304,19.9849
MI300,mpi,sb,10000,4194304,15.0266
MI300,mpi,db,10000,4194304,15.1358
MI300,cxi-coarse,sb,10000,8388608,35.6717
MI300,cxi-coarse,db,10000,8388608,36.05
MI300,cxi-fine,sb,10000,8388608,33.531
MI300,cxi-fine,db,10000,8388608,32.4114
MI300,mpi,sb,10000,8388608,29.4353
MI300,mpi,db,10000,8388608,29.4473
MI300,cxi-coarse,sb,1000,16777216,6.43004
MI300,cxi-coarse,db,1000,16777216,6.43321
MI300,cxi-fine,sb,1000,16777216,6.43406
MI300,cxi-fine,db,1000,16777216,6.44696
MI300,mpi,sb,1000,16777216,5.83248
MI300,mpi,db,1000,16777216,5.83393
MI300,cxi-coarse,sb,1000,33554432,13.7862
MI300,cxi-coarse,db,1000,33554432,13.4714
MI300,cxi-fine,sb,1000,33554432,14.0664
MI300,cxi-fine,db,1000,33554432,14.0177
MI300,mpi,sb,1000,33554432,11.6266
MI300,mpi,db,1000,33554432,11.6162
MI300,cxi-coarse,sb,1000,67108864,28.3516
MI300,cxi-coarse,db,1000,67108864,27.7013
MI300,cxi-fine,sb,1000,67108864,28.3675
MI300,cxi-fine,db,1000,67108864,30.0433
MI300,mpi,sb,1000,67108864,23.3351
MI300,mpi,db,1000,67108864,23.4554
MI300,cxi-coarse,sb,1000,134217728,64.8365
MI300,cxi-coarse,db,1000,134217728,64.1456
MI300,cxi-fine,sb,1000,134217728,64.1419
MI300,cxi-fine,db,1000,134217728,64.0699
MI300,mpi,sb,1000,134217728,46.6137
MI300,mpi,db,1000,134217728,46.8277
MI300,cxi-coarse,sb,1000,268435456,124.234
MI300,cxi-coarse,db,1000,268435456,115.307
MI300,cxi-fine,sb,1000,268435456,119.93
MI300,cxi-fine,db,1000,268435456,127.513
MI300,mpi,sb,1000,268435456,93.3379
MI300,mpi,db,1000,268435456,93.3198
MI300,cxi-coarse,sb,100000,8,2.02272
MI300,cxi-coarse,db,100000,8,1.61486
MI300,cxi-fine,sb,100000,8,1.93277
MI300,cxi-fine,db,100000,8,1.59116
MI300,mpi,sb,100000,8,3.46544
MI300,mpi,db,100000,8,3.46043
MI300,cxi-coarse,sb,100000,16,1.99897
MI300,cxi-coarse,db,100000,16,1.57576
MI300,cxi-fine,sb,100000,16,2.04875
MI300,cxi-fine,db,100000,16,1.64515
MI300,mpi,sb,100000,16,3.98094
MI300,mpi,db,100000,16,3.94008
MI300,cxi-coarse,sb,100000,32,2.16864
MI300,cxi-coarse,db,100000,32,2.56499
MI300,cxi-fine,sb,100000,32,2.23656
MI300,cxi-fine,db,100000,32,1.70624
MI300,mpi,sb,100000,32,4.30725
MI300,mpi,db,100000,32,4.30976
MI300,cxi-coarse,sb,100000,64,2.23909
MI300,cxi-coarse,db,100000,64,1.72887
MI300,cxi-fine,sb,100000,64,2.36053
MI300,cxi-fine,db,100000,64,1.74648
MI300,mpi,sb,100000,64,4.01539
MI300,mpi,db,100000,64,4.34978
MI300,cxi-coarse,sb,100000,128,2.252
MI300,cxi-coarse,db,100000,128,3.40282
MI300,cxi-fine,sb,100000,128,4.93736
MI300,cxi-fine,db,100000,128,1.77725
MI300,mpi,sb,100000,128,4.43058
MI300,mpi,db,100000,128,4.32211
MI300,cxi-coarse,sb,100000,256,2.26751
MI300,cxi-coarse,db,100000,256,1.77113
MI300,cxi-fine,sb,100000,256,2.34188
MI300,cxi-fine,db,100000,256,1.69221
MI300,mpi,sb,100000,256,4.01703
MI300,mpi,db,100000,256,3.5289
MI300,cxi-coarse,sb,100000,512,2.3526
MI300,cxi-coarse,db,100000,512,1.75263
MI300,cxi-fine,sb,100000,512,2.36731
MI300,cxi-fine,db,100000,512,1.75153
MI300,mpi,sb,100000,512,4.02922
MI300,mpi,db,100000,512,3.56084
MI300,cxi-coarse,sb,100000,1024,2.09276
MI300,cxi-coarse,db,100000,1024,1.76201
MI300,cxi-fine,sb,100000,1024,2.00607
MI300,cxi-fine,db,100000,1024,1.75765
MI300,mpi,sb,100000,1024,3.66864
MI300,mpi,db,100000,1024,3.9857
MI300,cxi-coarse,sb,100000,2048,2.91451
MI300,cxi-coarse,db,100000,2048,1.87407
MI300,cxi-fine,sb,100000,2048,1.90284
MI300,cxi-fine,db,100000,2048,1.88385
MI300,mpi,sb,100000,2048,4.46477
MI300,mpi,db,100000,2048,4.43806
MI300,cxi-coarse,sb,100000,4096,2.14098
MI300,cxi-coarse,db,100000,4096,3.37291
MI300,cxi-fine,sb,100000,4096,2.25962
MI300,cxi-fine,db,100000,4096,2.01196
MI300,mpi,sb,100000,4096,4.47111
MI300,mpi,db,100000,4096,4.48881
MI300,cxi-coarse,sb,100000,8192,2.3181
MI300,cxi-coarse,db,100000,8192,2.21073
MI300,cxi-fine,sb,100000,8192,2.23035
MI300,cxi-fine,db,100000,8192,2.20429
MI300,mpi,sb,100000,8192,5.36056
MI300,mpi,db,100000,8192,5.67939
MI300,cxi-coarse,sb,100000,16384,2.4399
MI300,cxi-coarse,db,100000,16384,3.58731
MI300,cxi-fine,sb,100000,16384,2.45008
MI300,cxi-fine,db,100000,16384,2.37021
MI300,mpi,sb,100000,16384,5.61548
MI300,mpi,db,100000,16384,5.13373
MI300,cxi-coarse,sb,100000,32768,5.30785
MI300,cxi-coarse,db,100000,32768,2.88609
MI300,cxi-fine,sb,100000,32768,2.9303
MI300,cxi-fine,db,100000,32768,2.91557
MI300,mpi,sb,100000,32768,6.35326
MI300,mpi,db,100000,32768,6.34646
MI300,cxi-coarse,sb,100000,65536,4.0915
MI300,cxi-coarse,db,100000,65536,4.11365
MI300,cxi-fine,sb,100000,65536,5.24138
MI300,cxi-fine,db,100000,65536,4.01121
MI300,mpi,sb,100000,65536,6.96013
MI300,mpi,db,100000,65536,6.64824
MI300,cxi-coarse,sb,100000,131072,6.27788
MI300,cxi-coarse,db,100000,131072,6.25459
MI300,cxi-fine,sb,100000,131072,6.3435
MI300,cxi-fine,db,100000,131072,6.2954
MI300,mpi,sb,100000,131072,8.83886
MI300,mpi,db,100000,131072,8.91338
MI300,cxi-coarse,sb,100000,262144,10.7382
MI300,cxi-coarse,db,100000,262144,10.8019
MI300,cxi-fine,sb,100000,262144,10.7994
MI300,cxi-fine,db,100000,262144,10.8367
MI300,mpi,sb,100000,262144,13.8622
MI300,mpi,db,100000,262144,13.9076
MI300,cxi-coarse,sb,100000,524288,19.9198
MI300,cxi-coarse,db,100000,524288,19.9181
MI300,cxi-fine,sb,100000,524288,19.9507
MI300,cxi-fine,db,100000,524288,19.9055
MI300,mpi,sb,100000,524288,23.2752
MI300,mpi,db,100000,524288,23.1268
MI300,cxi-coarse,sb,10000,1048576,3.86065
MI300,cxi-coarse,db,10000,1048576,3.86379
MI300,cxi-fine,sb,10000,1048576,3.85609
MI300,cxi-fine,db,10000,1048576,3.85232
MI300,mpi,sb,10000,1048576,4.07823
MI300,mpi,db,10000,1048576,4.07954
MI300,cxi-coarse,sb,10000,2097152,7.59457
MI300,cxi-coarse,db,10000,2097152,7.58253
MI300,cxi-fine,sb,10000,2097152,7.56528
MI300,cxi-fine,db,10000,2097152,7.58947
MI300,mpi,sb,10000,2097152,7.6225
MI300,mpi,db,10000,2097152,7.62504
MI300,cxi-coarse,sb,10000,4194304,15.0411
MI300,cxi-coarse,db,10000,4194304,16.0084
MI300,cxi-fine,sb,10000,4194304,15.0335
MI300,cxi-fine,db,10000,4194304,16.1592
MI300,mpi,sb,10000,4194304,14.7913
MI300,mpi,db,10000,4194304,14.8927
MI300,cxi-coarse,sb,10000,8388608,29.3139
MI300,cxi-coarse,db,10000,8388608,31.6281
MI300,cxi-fine,sb,10000,8388608,31.6094
MI300,cxi-fine,db,10000,8388608,29.9907
MI300,mpi,sb,10000,8388608,29.1518
MI300,mpi,db,10000,8388608,29.2152
MI300,cxi-coarse,sb,1000,16777216,6.1113
MI300,cxi-coarse,db,1000,16777216,6.10802
MI300,cxi-fine,sb,1000,16777216,6.0563
MI300,cxi-fine,db,1000,16777216,6.10627
MI300,mpi,sb,1000,16777216,5.79127
MI300,mpi,db,1000,16777216,5.78433
MI300,cxi-coarse,sb,1000,33554432,12.0092
MI300,cxi-coarse,db,1000,33554432,12.5228
MI300,cxi-fine,sb,1000,33554432,12.4952
MI300,cxi-fine,db,1000,33554432,12.5455
MI300,mpi,sb,1000,33554432,11.543
MI300,mpi,db,1000,33554432,11.546
MI300,cxi-coarse,sb,1000,67108864,25.3972
MI300,cxi-coarse,db,1000,67108864,25.4251
MI300,cxi-fine,sb,1000,67108864,25.6181
MI300,cxi-fine,db,1000,67108864,25.624
MI300,mpi,sb,1000,67108864,23.1562
MI300,mpi,db,1000,67108864,23.1904
MI300,cxi-coarse,sb,1000,134217728,48.7868
MI300,cxi-coarse,db,1000,134217728,54.1556
MI300,cxi-fine,sb,1000,134217728,49.0399
MI300,cxi-fine,db,1000,134217728,48.8817
MI300,mpi,sb,1000,134217728,46.2229
MI300,mpi,db,1000,134217728,46.3051
MI300,cxi-coarse,sb,1000,268435456,96.0791
MI300,cxi-coarse,db,1000,268435456,96.4004
MI300,cxi-fine,sb,1000,268435456,96.5946
MI300,cxi-fine,db,1000,268435456,92.1686
MI300,mpi,sb,1000,268435456,92.2949
MI300,mpi,db,1000,268435456,92.5566
MI300,cxi-coarse,sb,100000,8,1.92207
MI300,cxi-coarse,db,100000,8,1.61316
MI300,cxi-fine,sb,100000,8,2.02294
MI300,cxi-fine,db,100000,8,1.58812
MI300,mpi,sb,100000,8,3.40136
MI300,mpi,db,100000,8,3.41543
MI300,cxi-coarse,sb,100000,16,2.04124
MI300,cxi-coarse,db,100000,16,1.60351
MI300,cxi-fine,sb,100000,16,1.78021
MI300,cxi-fine,db,100000,16,1.61205
MI300,mpi,sb,100000,16,3.86233
MI300,mpi,db,100000,16,3.95854
MI300,cxi-coarse,sb,100000,32,1.93549
MI300,cxi-coarse,db,100000,32,1.72197
MI300,cxi-fine,sb,100000,32,2.2998
MI300,cxi-fine,db,100000,32,1.69324
MI300,mpi,sb,100000,32,4.19319
MI300,mpi,db,100000,32,4.19797
MI300,cxi-coarse,sb,100000,64,2.20822
MI300,cxi-coarse,db,100000,64,1.74132
MI300,cxi-fine,sb,100000,64,2.35045
MI300,cxi-fine,db,100000,64,3.29416
MI300,mpi,sb,100000,64,4.48298
MI300,mpi,db,100000,64,3.94379
MI300,cxi-coarse,sb,100000,128,2.3298
MI300,cxi-coarse,db,100000,128,1.74476
MI300,cxi-fine,sb,100000,128,2.38578
MI300,cxi-fine,db,100000,128,3.23096
MI300,mpi,sb,100000,128,4.30143
MI300,mpi,db,100000,128,4.32301
MI300,cxi-coarse,sb,100000,256,2.39454
MI300,cxi-coarse,db,100000,256,1.81711
MI300,cxi-fine,sb,100000,256,2.31205
MI300,cxi-fine,db,100000,256,1.82667
MI300,mpi,sb,100000,256,4.34427
MI300,mpi,db,100000,256,4.42059
MI300,cxi-coarse,sb,100000,512,2.3627
MI300,cxi-coarse,db,100000,512,1.85641
MI300,cxi-fine,sb,100000,512,4.57161
MI300,cxi-fine,db,100000,512,1.83176
MI300,mpi,sb,100000,512,4.47409
MI300,mpi,db,100000,512,3.51136
MI300,cxi-coarse,sb,100000,1024,1.72027
MI300,cxi-coarse,db,100000,1024,1.7293
MI300,cxi-fine,sb,100000,1024,1.95461
MI300,cxi-fine,db,100000,1024,1.72885
MI300,mpi,sb,100000,1024,3.53007
MI300,mpi,db,100000,1024,3.53402
MI300,cxi-coarse,sb,100000,2048,2.0283
MI300,cxi-coarse,db,100000,2048,1.78926
MI300,cxi-fine,sb,100000,2048,2.04747
MI300,cxi-fine,db,100000,2048,1.82924
MI300,mpi,sb,100000,2048,4.16301
MI300,mpi,db,100000,2048,4.12799
MI300,cxi-coarse,sb,100000,4096,2.10658
MI300,cxi-coarse,db,100000,4096,1.95245
MI300,cxi-fine,sb,100000,4096,3.12402
MI300,cxi-fine,db,100000,4096,1.96278
MI300,mpi,sb,100000,4096,4.03459
MI300,mpi,db,100000,4096,4.44385
MI300,cxi-coarse,sb,100000,8192,2.183
MI300,cxi-coarse,db,100000,8192,2.11086
MI300,cxi-fine,sb,100000,8192,2.33539
MI300,cxi-fine,db,100000,8192,2.17423
MI300,mpi,sb,100000,8192,5.17991
MI300,mpi,db,100000,8192,5.27346
MI300,cxi-coarse,sb,100000,16384,2.4409
MI300,cxi-coarse,db,100000,16384,2.45337
MI300,cxi-fine,sb,100000,16384,2.43587
MI300,cxi-fine,db,100000,16384,2.43049
MI300,mpi,sb,100000,16384,5.69239
MI300,mpi,db,100000,16384,5.56108
MI300,cxi-coarse,sb,100000,32768,3.00079
MI300,cxi-coarse,db,100000,32768,2.98515
MI300,cxi-fine,sb,100000,32768,5.21462
MI300,cxi-fine,db,100000,32768,3.00714
MI300,mpi,sb,100000,32768,6.04137
MI300,mpi,db,100000,32768,6.37076
MI300,cxi-coarse,sb,100000,65536,4.96712
MI300,cxi-coarse,db,100000,65536,4.13522
MI300,cxi-fine,sb,100000,65536,4.14402
MI300,cxi-fine,db,100000,65536,3.98986
MI300,mpi,sb,100000,65536,7.26398
MI300,mpi,db,100000,65536,6.39182
MI300,cxi-coarse,sb,100000,131072,6.20199
MI300,cxi-coarse,db,100000,131072,6.22311
MI300,cxi-fine,sb,100000,131072,6.20206
MI300,cxi-fine,db,100000,131072,6.20984
MI300,mpi,sb,100000,131072,8.48367
MI300,mpi,db,100000,131072,8.51386
MI300,cxi-coarse,sb,100000,262144,10.7853
MI300,cxi-coarse,db,100000,262144,10.7954
MI300,cxi-fine,sb,100000,262144,10.7817
MI300,cxi-fine,db,100000,262144,10.7875
MI300,mpi,sb,100000,262144,13.6655
MI300,mpi,db,100000,262144,13.6394
MI300,cxi-coarse,sb,100000,524288,19.8633
MI300,cxi-coarse,db,100000,524288,19.8499
MI300,cxi-fine,sb,100000,524288,19.9619
MI300,cxi-fine,db,100000,524288,19.886
MI300,mpi,sb,100000,524288,23.1871
MI300,mpi,db,100000,524288,23.1057
MI300,cxi-coarse,sb,10000,1048576,3.86049
MI300,cxi-coarse,db,10000,1048576,3.85782
MI300,cxi-fine,sb,10000,1048576,3.86024
MI300,cxi-fine,db,10000,1048576,3.86195
MI300,mpi,sb,10000,1048576,4.10494
MI300,mpi,db,10000,1048576,4.10364
MI300,cxi-coarse,sb,10000,2097152,7.55246
MI300,cxi-coarse,db,10000,2097152,7.56039
MI300,cxi-fine,sb,10000,2097152,7.59807
MI300,cxi-fine,db,10000,2097152,7.51989
MI300,mpi,sb,10000,2097152,7.64467
MI300,mpi,db,10000,2097152,7.6489
MI300,cxi-coarse,sb,10000,4194304,14.9326
MI300,cxi-coarse,db,10000,4194304,14.6215
MI300,cxi-fine,sb,10000,4194304,15.0465
MI300,cxi-fine,db,10000,4194304,14.6195
MI300,mpi,sb,10000,4194304,14.8223
MI300,mpi,db,10000,4194304,14.8612
MI300,cxi-coarse,sb,10000,8388608,29.2734
MI300,cxi-coarse,db,10000,8388608,30.085
MI300,cxi-fine,sb,10000,8388608,29.0178
MI300,cxi-fine,db,10000,8388608,30.308
MI300,mpi,sb,10000,8388608,29.1153
MI300,mpi,db,10000,8388608,29.1314
MI300,cxi-coarse,sb,1000,16777216,5.78794
MI300,cxi-coarse,db,1000,16777216,5.7933
MI300,cxi-fine,sb,1000,16777216,5.78523
MI300,cxi-fine,db,1000,16777216,5.78871
MI300,mpi,sb,1000,16777216,5.7819
MI300,mpi,db,1000,16777216,5.78377
MI300,cxi-coarse,sb,1000,33554432,11.7747
MI300,cxi-coarse,db,1000,33554432,11.5603
MI300,cxi-fine,sb,1000,33554432,11.6181
MI300,cxi-fine,db,1000,33554432,11.8061
MI300,mpi,sb,1000,33554432,11.5449
MI300,mpi,db,1000,33554432,11.5276
MI300,cxi-coarse,sb,1000,67108864,25.4549
MI300,cxi-coarse,db,1000,67108864,25.6339
MI300,cxi-fine,sb,1000,67108864,25.2868
MI300,cxi-fine,db,1000,67108864,26.1839
MI300,mpi,sb,1000,67108864,23.1405
MI300,mpi,db,1000,67108864,23.2519
MI300,cxi-coarse,sb,1000,134217728,48.6481
MI300,cxi-coarse,db,1000,134217728,54.8499
MI300,cxi-fine,sb,1000,134217728,54.971
MI300,cxi-fine,db,1000,134217728,53.6857
MI300,mpi,sb,1000,134217728,46.2926
MI300,mpi,db,1000,134217728,46.3694
MI300,cxi-coarse,sb,1000,268435456,97.0521
MI300,cxi-coarse,db,1000,268435456,97.3743
MI300,cxi-fine,sb,1000,268435456,97.2937
MI300,cxi-fine,db,1000,268435456,97.9219
MI300,mpi,sb,1000,268435456,92.0115
MI300,mpi,db,1000,268435456,92.5045