system,nodes,ppn,matrix,backend,solver_time
Frontier,1,1,audikw_1,mpi,5.274782
Frontier,1,1,audikw_1,st,5.281810
Frontier,1,1,Bump_2911,mpi,48.975663
Frontier,1,1,Bump_2911,st,49.042697
Frontier,1,1,Cube_Coup_dt0,mpi,0.654632
Frontier,1,1,Cube_Coup_dt0,st,0.654759
Frontier,1,1,Flan_1565,mpi,1.923664
Frontier,1,1,Flan_1565,st,1.918899
Frontier,1,1,Queen_4147,mpi,117.684593
Frontier,1,1,Queen_4147,st,117.794570
Frontier,1,1,Serena,mpi,3.460313
Frontier,1,1,Serena,st,3.452601
Frontier,1,1,nd24k,mpi,0.250699
Frontier,1,1,nd24k,st,0.250642
Frontier,1,1,ldoor,mpi,6.185458
Frontier,1,1,ldoor,st,6.188935
Frontier,1,2,audikw_1,mpi,2.989319
Frontier,1,2,audikw_1,st,2.912251
Frontier,1,2,Bump_2911,mpi,26.306620
Frontier,1,2,Bump_2911,st,25.963503
Frontier,1,2,Cube_Coup_dt0,mpi,0.363688
Frontier,1,2,Cube_Coup_dt0,st,0.352499
Frontier,1,2,Flan_1565,mpi,1.068804
Frontier,1,2,Flan_1565,st,1.053168
Frontier,1,2,Queen_4147,mpi,63.070478
Frontier,1,2,Queen_4147,st,64.022762
Frontier,1,2,Serena,mpi,2.015691
Frontier,1,2,Serena,st,1.987998
Frontier,1,2,nd24k,mpi,0.192158
Frontier,1,2,nd24k,st,0.183148
Frontier,1,2,ldoor,mpi,3.851279
Frontier,1,2,ldoor,st,3.591323
Frontier,1,4,audikw_1,mpi,1.873431
Frontier,1,4,audikw_1,st,1.825099
Frontier,1,4,Bump_2911,mpi,15.138557
Frontier,1,4,Bump_2911,st,14.606410
Frontier,1,4,Cube_Coup_dt0,mpi,0.207175
Frontier,1,4,Cube_Coup_dt0,st,0.199486
Frontier,1,4,Flan_1565,mpi,0.600049
Frontier,1,4,Flan_1565,st,0.586318
Frontier,1,4,Queen_4147,mpi,33.549655
Frontier,1,4,Queen_4147,st,32.873391
Frontier,1,4,Serena,mpi,1.306155
Frontier,1,4,Serena,st,1.207417
Frontier,1,4,nd24k,mpi,0.148049
Frontier,1,4,nd24k,st,0.142661
Frontier,1,4,ldoor,mpi,2.579680
Frontier,1,4,ldoor,st,2.474091
Frontier,1,8,audikw_1,mpi,1.294398
Frontier,1,8,audikw_1,st,1.305437
Frontier,1,8,Bump_2911,mpi,9.571145
Frontier,1,8,Bump_2911,st,9.470206
Frontier,1,8,Cube_Coup_dt0,mpi,0.142364
Frontier,1,8,Cube_Coup_dt0,st,0.134583
Frontier,1,8,Flan_1565,mpi,0.382996
Frontier,1,8,Flan_1565,st,0.370388
Frontier,1,8,Queen_4147,mpi,18.689853
Frontier,1,8,Queen_4147,st,18.209576
Frontier,1,8,Serena,mpi,0.993564
Frontier,1,8,Serena,st,0.955675
Frontier,1,8,nd24k,mpi,0.140649
Frontier,1,8,nd24k,st,0.142348
Frontier,1,8,ldoor,mpi,1.856377
Frontier,1,8,ldoor,st,1.912352
Frontier,2,1,audikw_1,mpi,3.075132
Frontier,2,1,audikw_1,st,2.993665
Frontier,2,1,Bump_2911,mpi,26.603267
Frontier,2,1,Bump_2911,st,26.296329
Frontier,2,1,Cube_Coup_dt0,mpi,0.369269
Frontier,2,1,Cube_Coup_dt0,st,0.357304
Frontier,2,1,Flan_1565,mpi,1.099333
Frontier,2,1,Flan_1565,st,1.076262
Frontier,2,1,Queen_4147,mpi,64.047518
Frontier,2,1,Queen_4147,st,63.707990
Frontier,2,1,Serena,mpi,2.062131
Frontier,2,1,Serena,st,2.030972
Frontier,2,1,nd24k,mpi,0.190602
Frontier,2,1,nd24k,st,0.199423
Frontier,2,1,ldoor,mpi,3.855953
Frontier,2,1,ldoor,st,3.893881
Frontier,2,2,audikw_1,mpi,1.933313
Frontier,2,2,audikw_1,st,1.926308
Frontier,2,2,Bump_2911,mpi,15.308274
Frontier,2,2,Bump_2911,st,14.755844
Frontier,2,2,Cube_Coup_dt0,mpi,0.213150
Frontier,2,2,Cube_Coup_dt0,st,0.207648
Frontier,2,2,Flan_1565,mpi,0.622480
Frontier,2,2,Flan_1565,st,0.609724
Frontier,2,2,Queen_4147,mpi,34.400685
Frontier,2,2,Queen_4147,st,33.845178
Frontier,2,2,Serena,mpi,1.320414
Frontier,2,2,Serena,st,1.264632
Frontier,2,2,nd24k,mpi,0.155948
Frontier,2,2,nd24k,st,0.149384
Frontier,2,2,ldoor,mpi,2.550038
Frontier,2,2,ldoor,st,2.504725
Frontier,2,4,audikw_1,mpi,1.389153
Frontier,2,4,audikw_1,st,1.366387
Frontier,2,4,Bump_2911,mpi,9.667954
Frontier,2,4,Bump_2911,st,9.838635
Frontier,2,4,Cube_Coup_dt0,mpi,0.144632
Frontier,2,4,Cube_Coup_dt0,st,0.140911
Frontier,2,4,Flan_1565,mpi,0.398577
Frontier,2,4,Flan_1565,st,0.377064
Frontier,2,4,Queen_4147,mpi,18.882701
Frontier,2,4,Queen_4147,st,18.502940
Frontier,2,4,Serena,mpi,0.978002
Frontier,2,4,Serena,st,1.014956
Frontier,2,4,nd24k,mpi,0.137331
Frontier,2,4,nd24k,st,0.152876
Frontier,2,4,ldoor,mpi,2.009369
Frontier,2,4,ldoor,st,1.937462
Frontier,2,8,audikw_1,mpi,1.136450
Frontier,2,8,audikw_1,st,1.181995
Frontier,2,8,Bump_2911,mpi,7.631285
Frontier,2,8,Bump_2911,st,8.479104
Frontier,2,8,Cube_Coup_dt0,mpi,0.109622
Frontier,2,8,Cube_Coup_dt0,st,0.118489
Frontier,2,8,Flan_1565,mpi,0.291902
Frontier,2,8,Flan_1565,st,0.289128
Frontier,2,8,Queen_4147,mpi,11.956738
Frontier,2,8,Queen_4147,st,11.919445
Frontier,2,8,Serena,mpi,0.839738
Frontier,2,8,Serena,st,1.077358
Frontier,2,8,nd24k,mpi,0.147925
Frontier,2,8,nd24k,st,0.200355
Frontier,2,8,ldoor,mpi,1.751927
Frontier,2,8,ldoor,st,1.838313
Frontier,4,1,audikw_1,mpi,1.913738
Frontier,4,1,audikw_1,st,1.948212
Frontier,4,1,Bump_2911,mpi,15.362910
Frontier,4,1,Bump_2911,st,15.146046
Frontier,4,1,Cube_Coup_dt0,mpi,0.217476
Frontier,4,1,Cube_Coup_dt0,st,0.212815
Frontier,4,1,Flan_1565,mpi,0.613523
Frontier,4,1,Flan_1565,st,0.606940
Frontier,4,1,Queen_4147,mpi,34.361661
Frontier,4,1,Queen_4147,st,33.708351
Frontier,4,1,Serena,mpi,1.336997
Frontier,4,1,Serena,st,1.296998
Frontier,4,1,nd24k,mpi,0.146891
Frontier,4,1,nd24k,st,0.165132
Frontier,4,1,ldoor,mpi,2.668247
Frontier,4,1,ldoor,st,2.607352
Frontier,4,2,audikw_1,mpi,1.315881
Frontier,4,2,audikw_1,st,1.371116
Frontier,4,2,Bump_2911,mpi,9.768844
Frontier,4,2,Bump_2911,st,9.812347
Frontier,4,2,Cube_Coup_dt0,mpi,0.142636
Frontier,4,2,Cube_Coup_dt0,st,0.142846
Frontier,4,2,Flan_1565,mpi,0.398775
Frontier,4,2,Flan_1565,st,0.394877
Frontier,4,2,Queen_4147,mpi,18.830111
Frontier,4,2,Queen_4147,st,18.535713
Frontier,4,2,Serena,mpi,1.008654
Frontier,4,2,Serena,st,1.008525
Frontier,4,2,nd24k,mpi,0.142427
Frontier,4,2,nd24k,st,0.142732
Frontier,4,2,ldoor,mpi,1.965165
Frontier,4,2,ldoor,st,2.016168
Frontier,4,4,audikw_1,mpi,1.177671
Frontier,4,4,audikw_1,st,1.227375
Frontier,4,4,Bump_2911,mpi,7.679669
Frontier,4,4,Bump_2911,st,8.890384
Frontier,4,4,Cube_Coup_dt0,mpi,0.111462
Frontier,4,4,Cube_Coup_dt0,st,0.123978
Frontier,4,4,Flan_1565,mpi,0.304913
Frontier,4,4,Flan_1565,st,0.297716
Frontier,4,4,Queen_4147,mpi,11.656564
Frontier,4,4,Queen_4147,st,12.234953
Frontier,4,4,Serena,mpi,0.856562
Frontier,4,4,Serena,st,1.011610
Frontier,4,4,nd24k,mpi,0.150429
Frontier,4,4,nd24k,st,0.204162
Frontier,4,4,ldoor,mpi,1.807450
Frontier,4,4,ldoor,st,1.868539
Frontier,4,8,audikw_1,mpi,1.102582
Frontier,4,8,audikw_1,st,1.338851
Frontier,4,8,Bump_2911,mpi,6.707981
Frontier,4,8,Bump_2911,st,8.720867
Frontier,4,8,Cube_Coup_dt0,mpi,0.101689
Frontier,4,8,Cube_Coup_dt0,st,0.121560
Frontier,4,8,Flan_1565,mpi,0.249058
Frontier,4,8,Flan_1565,st,0.284156
Frontier,4,8,Queen_4147,mpi,8.938516
Frontier,4,8,Queen_4147,st,10.332670
Frontier,4,8,Serena,mpi,0.841251
Frontier,4,8,Serena,st,1.216789
Frontier,4,8,nd24k,mpi,0.156838
Frontier,4,8,nd24k,st,0.236243
Frontier,4,8,ldoor,mpi,1.702843
Frontier,4,8,ldoor,st,1.963940
Frontier,8,1,audikw_1,mpi,1.327495
Frontier,8,1,audikw_1,st,1.354302
Frontier,8,1,Bump_2911,mpi,9.746231
Frontier,8,1,Bump_2911,st,10.146585
Frontier,8,1,Cube_Coup_dt0,mpi,0.142322
Frontier,8,1,Cube_Coup_dt0,st,0.147055
Frontier,8,1,Flan_1565,mpi,0.401877
Frontier,8,1,Flan_1565,st,0.403415
Frontier,8,1,Queen_4147,mpi,19.164818
Frontier,8,1,Queen_4147,st,18.665434
Frontier,8,1,Serena,mpi,0.967327
Frontier,8,1,Serena,st,1.056741
Frontier,8,1,nd24k,mpi,0.142921
Frontier,8,1,nd24k,st,0.160005
Frontier,8,1,ldoor,mpi,2.036116
Frontier,8,1,ldoor,st,2.185852
Frontier,8,2,audikw_1,mpi,1.198139
Frontier,8,2,audikw_1,st,1.237234
Frontier,8,2,Bump_2911,mpi,7.441046
Frontier,8,2,Bump_2911,st,8.427584
Frontier,8,2,Cube_Coup_dt0,mpi,0.110007
Frontier,8,2,Cube_Coup_dt0,st,0.117152
Frontier,8,2,Flan_1565,mpi,0.302317
Frontier,8,2,Flan_1565,st,0.302944
Frontier,8,2,Queen_4147,mpi,11.963419
Frontier,8,2,Queen_4147,st,12.348561
Frontier,8,2,Serena,mpi,0.916428
Frontier,8,2,Serena,st,1.061055
Frontier,8,2,nd24k,mpi,0.150230
Frontier,8,2,nd24k,st,0.204007
Frontier,8,2,ldoor,mpi,1.818686
Frontier,8,2,ldoor,st,1.944392
Frontier,8,4,audikw_1,mpi,1.098681
Frontier,8,4,audikw_1,st,1.322974
Frontier,8,4,Bump_2911,mpi,6.651449
Frontier,8,4,Bump_2911,st,8.621223
Frontier,8,4,Cube_Coup_dt0,mpi,0.102153
Frontier,8,4,Cube_Coup_dt0,st,0.124754
Frontier,8,4,Flan_1565,mpi,0.255772
Frontier,8,4,Flan_1565,st,0.279071
Frontier,8,4,Queen_4147,mpi,8.793848
Frontier,8,4,Queen_4147,st,10.247411
Frontier,8,4,Serena,mpi,0.857685
Frontier,8,4,Serena,st,1.232641
Frontier,8,4,nd24k,mpi,0.156938
Frontier,8,4,nd24k,st,0.246300
Frontier,8,4,ldoor,mpi,1.713975
Frontier,8,4,ldoor,st,2.092370
Frontier,8,8,audikw_1,mpi,1.177322
Frontier,8,8,audikw_1,st,1.564332
Frontier,8,8,Bump_2911,mpi,6.001665
Frontier,8,8,Bump_2911,st,9.945487
Frontier,8,8,Cube_Coup_dt0,mpi,0.097726
Frontier,8,8,Cube_Coup_dt0,st,0.140092
Frontier,8,8,Flan_1565,mpi,0.243117
Frontier,8,8,Flan_1565,st,0.296408
Frontier,8,8,Queen_4147,mpi,7.180392
Frontier,8,8,Queen_4147,st,10.253295
Frontier,8,8,Serena,mpi,0.853118
Frontier,8,8,Serena,st,1.444602
Frontier,8,8,nd24k,mpi,0.167617
Frontier,8,8,nd24k,st,0.302950
Frontier,8,8,ldoor,mpi,1.703179
Frontier,8,8,ldoor,st,2.245414
Frontier,1,1,audikw_1,mpi,5.219105
Frontier,1,1,audikw_1,st,5.217586
Frontier,1,1,Bump_2911,mpi,49.535718
Frontier,1,1,Bump_2911,st,49.078076
Frontier,1,1,Cube_Coup_dt0,mpi,0.648738
Frontier,1,1,Cube_Coup_dt0,st,0.641666
Frontier,1,1,Flan_1565,mpi,1.923123
Frontier,1,1,Flan_1565,st,1.923245
Frontier,1,1,Queen_4147,mpi,117.553420
Frontier,1,1,Queen_4147,st,121.796029
Frontier,1,1,Serena,mpi,3.443896
Frontier,1,1,Serena,st,3.451240
Frontier,1,1,nd24k,mpi,0.251178
Frontier,1,1,nd24k,st,0.247123
Frontier,1,1,ldoor,mpi,6.235561
Frontier,1,1,ldoor,st,6.243759
Frontier,1,2,audikw_1,mpi,2.988367
Frontier,1,2,audikw_1,st,2.900576
Frontier,1,2,Bump_2911,mpi,26.357457
Frontier,1,2,Bump_2911,st,25.790670
Frontier,1,2,Cube_Coup_dt0,mpi,0.361466
Frontier,1,2,Cube_Coup_dt0,st,0.352720
Frontier,1,2,Flan_1565,mpi,1.075731
Frontier,1,2,Flan_1565,st,1.047073
Frontier,1,2,Queen_4147,mpi,64.044397
Frontier,1,2,Queen_4147,st,64.162166
Frontier,1,2,Serena,mpi,2.045000
Frontier,1,2,Serena,st,1.929714
Frontier,1,2,nd24k,mpi,0.187876
Frontier,1,2,nd24k,st,0.185827
Frontier,1,2,ldoor,mpi,3.728807
Frontier,1,2,ldoor,st,3.725557
Frontier,1,4,audikw_1,mpi,1.904983
Frontier,1,4,audikw_1,st,1.789478
Frontier,1,4,Bump_2911,mpi,14.932125
Frontier,1,4,Bump_2911,st,14.389849
Frontier,1,4,Cube_Coup_dt0,mpi,0.209736
Frontier,1,4,Cube_Coup_dt0,st,0.200003
Frontier,1,4,Flan_1565,mpi,0.596307
Frontier,1,4,Flan_1565,st,0.586737
Frontier,1,4,Queen_4147,mpi,33.294663
Frontier,1,4,Queen_4147,st,33.119086
Frontier,1,4,Serena,mpi,1.280955
Frontier,1,4,Serena,st,1.275881
Frontier,1,4,nd24k,mpi,0.146721
Frontier,1,4,nd24k,st,0.139502
Frontier,1,4,ldoor,mpi,2.572027
Frontier,1,4,ldoor,st,2.507522
Frontier,1,8,audikw_1,mpi,1.329482
Frontier,1,8,audikw_1,st,1.263076
Frontier,1,8,Bump_2911,mpi,9.678803
Frontier,1,8,Bump_2911,st,9.596520
Frontier,1,8,Cube_Coup_dt0,mpi,0.138195
Frontier,1,8,Cube_Coup_dt0,st,0.137182
Frontier,1,8,Flan_1565,mpi,0.375612
Frontier,1,8,Flan_1565,st,0.372174
Frontier,1,8,Queen_4147,mpi,18.829260
Frontier,1,8,Queen_4147,st,17.913328
Frontier,1,8,Serena,mpi,0.958072
Frontier,1,8,Serena,st,0.990839
Frontier,1,8,nd24k,mpi,0.140333
Frontier,1,8,nd24k,st,0.138776
Frontier,1,8,ldoor,mpi,1.963728
Frontier,1,8,ldoor,st,1.782937
Frontier,2,1,audikw_1,mpi,3.050967
Frontier,2,1,audikw_1,st,3.013838
Frontier,2,1,Bump_2911,mpi,26.794878
Frontier,2,1,Bump_2911,st,26.384364
Frontier,2,1,Cube_Coup_dt0,mpi,0.370777
Frontier,2,1,Cube_Coup_dt0,st,0.357697
Frontier,2,1,Flan_1565,mpi,1.100747
Frontier,2,1,Flan_1565,st,1.073110
Frontier,2,1,Queen_4147,mpi,64.062084
Frontier,2,1,Queen_4147,st,63.329178
Frontier,2,1,Serena,mpi,2.081767
Frontier,2,1,Serena,st,2.000021
Frontier,2,1,nd24k,mpi,0.190406
Frontier,2,1,nd24k,st,0.197958
Frontier,2,1,ldoor,mpi,3.931588
Frontier,2,1,ldoor,st,3.928990
Frontier,2,2,audikw_1,mpi,1.950490
Frontier,2,2,audikw_1,st,1.867262
Frontier,2,2,Bump_2911,mpi,15.212795
Frontier,2,2,Bump_2911,st,14.692429
Frontier,2,2,Cube_Coup_dt0,mpi,0.212438
Frontier,2,2,Cube_Coup_dt0,st,0.204388
Frontier,2,2,Flan_1565,mpi,0.613353
Frontier,2,2,Flan_1565,st,0.608290
Frontier,2,2,Queen_4147,mpi,34.717195
Frontier,2,2,Queen_4147,st,34.004271
Frontier,2,2,Serena,mpi,1.296965
Frontier,2,2,Serena,st,1.259135
Frontier,2,2,nd24k,mpi,0.147784
Frontier,2,2,nd24k,st,0.149770
Frontier,2,2,ldoor,mpi,2.594498
Frontier,2,2,ldoor,st,2.567859
Frontier,2,4,audikw_1,mpi,1.361217
Frontier,2,4,audikw_1,st,1.364613
Frontier,2,4,Bump_2911,mpi,9.723588
Frontier,2,4,Bump_2911,st,9.778952
Frontier,2,4,Cube_Coup_dt0,mpi,0.138214
Frontier,2,4,Cube_Coup_dt0,st,0.142804
Frontier,2,4,Flan_1565,mpi,0.393452
Frontier,2,4,Flan_1565,st,0.389715
Frontier,2,4,Queen_4147,mpi,19.102167
Frontier,2,4,Queen_4147,st,18.523077
Frontier,2,4,Serena,mpi,0.976296
Frontier,2,4,Serena,st,0.978210
Frontier,2,4,nd24k,mpi,0.142849
Frontier,2,4,nd24k,st,0.152711
Frontier,2,4,ldoor,mpi,1.903063
Frontier,2,4,ldoor,st,2.013161
Frontier,2,8,audikw_1,mpi,1.133073
Frontier,2,8,audikw_1,st,1.213242
Frontier,2,8,Bump_2911,mpi,7.698567
Frontier,2,8,Bump_2911,st,8.324695
Frontier,2,8,Cube_Coup_dt0,mpi,0.109698
Frontier,2,8,Cube_Coup_dt0,st,0.121209
Frontier,2,8,Flan_1565,mpi,0.297483
Frontier,2,8,Flan_1565,st,0.295731
Frontier,2,8,Queen_4147,mpi,12.009250
Frontier,2,8,Queen_4147,st,12.004694
Frontier,2,8,Serena,mpi,0.833121
Frontier,2,8,Serena,st,1.058322
Frontier,2,8,nd24k,mpi,0.144748
Frontier,2,8,nd24k,st,0.203326
Frontier,2,8,ldoor,mpi,1.729166
Frontier,2,8,ldoor,st,1.805312
Frontier,4,1,audikw_1,mpi,1.907831
Frontier,4,1,audikw_1,st,1.944745
Frontier,4,1,Bump_2911,mpi,15.443443
Frontier,4,1,Bump_2911,st,15.015600
Frontier,4,1,Cube_Coup_dt0,mpi,0.214294
Frontier,4,1,Cube_Coup_dt0,st,0.210429
Frontier,4,1,Flan_1565,mpi,0.617736
Frontier,4,1,Flan_1565,st,0.624425
Frontier,4,1,Queen_4147,mpi,34.585417
Frontier,4,1,Queen_4147,st,33.921877
Frontier,4,1,Serena,mpi,1.311058
Frontier,4,1,Serena,st,1.282901
Frontier,4,1,nd24k,mpi,0.150948
Frontier,4,1,nd24k,st,0.165128
Frontier,4,1,ldoor,mpi,2.702120
Frontier,4,1,ldoor,st,2.621472
Frontier,4,2,audikw_1,mpi,1.330502
Frontier,4,2,audikw_1,st,1.298090
Frontier,4,2,Bump_2911,mpi,9.676866
Frontier,4,2,Bump_2911,st,9.917967
Frontier,4,2,Cube_Coup_dt0,mpi,34.248844
Frontier,4,2,Cube_Coup_dt0,st,0.141437
Frontier,4,2,Flan_1565,mpi,0.395754
Frontier,4,2,Flan_1565,st,0.385458
Frontier,4,2,Queen_4147,mpi,19.045801
Frontier,4,2,Queen_4147,st,18.580956
Frontier,4,2,Serena,mpi,1.012835
Frontier,4,2,Serena,st,1.045852
Frontier,4,2,nd24k,mpi,0.146288
Frontier,4,2,nd24k,st,0.155250
Frontier,4,2,ldoor,mpi,1.932356
Frontier,4,2,ldoor,st,2.022544
Frontier,4,4,audikw_1,mpi,1.123920
Frontier,4,4,audikw_1,st,1.230047
Frontier,4,4,Bump_2911,mpi,7.594602
Frontier,4,4,Bump_2911,st,8.431782
Frontier,4,4,Cube_Coup_dt0,mpi,0.108986
Frontier,4,4,Cube_Coup_dt0,st,0.116260
Frontier,4,4,Flan_1565,mpi,0.306720
Frontier,4,4,Flan_1565,st,0.294936
Frontier,4,4,Queen_4147,mpi,12.023767
Frontier,4,4,Queen_4147,st,12.334616
Frontier,4,4,Serena,mpi,0.874820
Frontier,4,4,Serena,st,1.056484
Frontier,4,4,nd24k,mpi,0.146823
Frontier,4,4,nd24k,st,0.209591
Frontier,4,4,ldoor,mpi,1.770108
Frontier,4,4,ldoor,st,1.869564
Frontier,4,8,audikw_1,mpi,1.092114
Frontier,4,8,audikw_1,st,1.356007
Frontier,4,8,Bump_2911,mpi,6.719568
Frontier,4,8,Bump_2911,st,8.859677
Frontier,4,8,Cube_Coup_dt0,mpi,0.104881
Frontier,4,8,Cube_Coup_dt0,st,0.122132
Frontier,4,8,Flan_1565,mpi,0.253531
Frontier,4,8,Flan_1565,st,0.280672
Frontier,4,8,Queen_4147,mpi,8.787252
Frontier,4,8,Queen_4147,st,10.404293
Frontier,4,8,Serena,mpi,0.834171
Frontier,4,8,Serena,st,1.225497
Frontier,4,8,nd24k,mpi,0.152998
Frontier,4,8,nd24k,st,0.243021
Frontier,4,8,ldoor,mpi,1.664881
Frontier,4,8,ldoor,st,1.941821
Frontier,8,1,audikw_1,mpi,1.336205
Frontier,8,1,audikw_1,st,1.373079
Frontier,8,1,Bump_2911,mpi,9.879510
Frontier,8,1,Bump_2911,st,10.212952
Frontier,8,1,Cube_Coup_dt0,mpi,0.141832
Frontier,8,1,Cube_Coup_dt0,st,0.145294
Frontier,8,1,Flan_1565,mpi,0.400465
Frontier,8,1,Flan_1565,st,0.402912
Frontier,8,1,Queen_4147,mpi,19.224480
Frontier,8,1,Queen_4147,st,18.746848
Frontier,8,1,Serena,mpi,0.977173
Frontier,8,1,Serena,st,1.025497
Frontier,8,1,nd24k,mpi,0.143187
Frontier,8,1,nd24k,st,0.161012
Frontier,8,1,ldoor,mpi,2.034750
Frontier,8,1,ldoor,st,2.214585
Frontier,8,2,audikw_1,mpi,1.126104
Frontier,8,2,audikw_1,st,1.274148
Frontier,8,2,Bump_2911,mpi,7.305280
Frontier,8,2,Bump_2911,st,8.377567
Frontier,8,2,Cube_Coup_dt0,mpi,0.107269
Frontier,8,2,Cube_Coup_dt0,st,0.117865
Frontier,8,2,Flan_1565,mpi,0.302597
Frontier,8,2,Flan_1565,st,0.314254
Frontier,8,2,Queen_4147,mpi,11.678181
Frontier,8,2,Queen_4147,st,12.439434
Frontier,8,2,Serena,mpi,0.877494
Frontier,8,2,Serena,st,1.006704
Frontier,8,2,nd24k,mpi,0.148058
Frontier,8,2,nd24k,st,0.197558
Frontier,8,2,ldoor,mpi,1.719311
Frontier,8,2,ldoor,st,1.914367
Frontier,8,4,audikw_1,mpi,1.113059
Frontier,8,4,audikw_1,st,1.331335
Frontier,8,4,Bump_2911,mpi,6.420568
Frontier,8,4,Bump_2911,st,8.868987
Frontier,8,4,Cube_Coup_dt0,mpi,0.099065
Frontier,8,4,Cube_Coup_dt0,st,0.126973
Frontier,8,4,Flan_1565,mpi,0.265106
Frontier,8,4,Flan_1565,st,0.289849
Frontier,8,4,Queen_4147,mpi,8.851420
Frontier,8,4,Queen_4147,st,10.151430
Frontier,8,4,Serena,mpi,0.842845
Frontier,8,4,Serena,st,1.237894
Frontier,8,4,nd24k,mpi,0.155105
Frontier,8,4,nd24k,st,0.246822
Frontier,8,4,ldoor,mpi,1.717344
Frontier,8,4,ldoor,st,2.012799
Frontier,8,8,audikw_1,mpi,1.110957
Frontier,8,8,audikw_1,st,1.582609
Frontier,8,8,Bump_2911,mpi,6.036605
Frontier,8,8,Bump_2911,st,9.906764
Frontier,8,8,Cube_Coup_dt0,mpi,0.096418
Frontier,8,8,Cube_Coup_dt0,st,0.136795
Frontier,8,8,Flan_1565,mpi,0.244561
Frontier,8,8,Flan_1565,st,0.298731
Frontier,8,8,Queen_4147,mpi,7.342160
Frontier,8,8,Queen_4147,st,10.060318
Frontier,8,8,Serena,mpi,0.841764
Frontier,8,8,Serena,st,1.386526
Frontier,8,8,nd24k,mpi,0.161249
Frontier,8,8,nd24k,st,0.295161
Frontier,8,8,ldoor,mpi,1.693140
Frontier,8,8,ldoor,st,2.227394
Frontier,1,1,audikw_1,mpi,5.349205
Frontier,1,1,audikw_1,st,5.346947
Frontier,1,1,Bump_2911,mpi,49.271686
Frontier,1,1,Bump_2911,st,49.441008
Frontier,1,1,Cube_Coup_dt0,mpi,0.652278
Frontier,1,1,Cube_Coup_dt0,st,0.649570
Frontier,1,1,Flan_1565,mpi,1.959417
Frontier,1,1,Flan_1565,st,1.959133
Frontier,1,1,Queen_4147,mpi,118.058111
Frontier,1,1,Queen_4147,st,120.563758
Frontier,1,1,Serena,mpi,3.464220
Frontier,1,1,Serena,st,3.431503
Frontier,1,1,nd24k,mpi,0.253743
Frontier,1,1,nd24k,st,0.248968
Frontier,1,1,ldoor,mpi,6.241020
Frontier,1,1,ldoor,st,6.150223
Frontier,1,2,audikw_1,mpi,3.024267
Frontier,1,2,audikw_1,st,2.942492
Frontier,1,2,Bump_2911,mpi,26.517118
Frontier,1,2,Bump_2911,st,25.758567
Frontier,1,2,Cube_Coup_dt0,mpi,0.362809
Frontier,1,2,Cube_Coup_dt0,st,0.354483
Frontier,1,2,Flan_1565,mpi,1.083951
Frontier,1,2,Flan_1565,st,1.058492
Frontier,1,2,Queen_4147,mpi,63.631149
Frontier,1,2,Queen_4147,st,64.839566
Frontier,1,2,Serena,mpi,2.059566
Frontier,1,2,Serena,st,1.936500
Frontier,1,2,nd24k,mpi,0.192087
Frontier,1,2,nd24k,st,0.183785
Frontier,1,2,ldoor,mpi,3.832358
Frontier,1,2,ldoor,st,3.727687
Frontier,1,4,audikw_1,mpi,1.882757
Frontier,1,4,audikw_1,st,1.861600
Frontier,1,4,Bump_2911,mpi,14.748582
Frontier,1,4,Bump_2911,st,14.420850
Frontier,1,4,Cube_Coup_dt0,mpi,0.207806
Frontier,1,4,Cube_Coup_dt0,st,0.201089
Frontier,1,4,Flan_1565,mpi,0.610563
Frontier,1,4,Flan_1565,st,0.587003
Frontier,1,4,Queen_4147,mpi,33.771136
Frontier,1,4,Queen_4147,st,33.078657
Frontier,1,4,Serena,mpi,1.304762
Frontier,1,4,Serena,st,1.204858
Frontier,1,4,nd24k,mpi,0.150319
Frontier,1,4,nd24k,st,0.139882
Frontier,1,4,ldoor,mpi,2.594306
Frontier,1,4,ldoor,st,2.445281
Frontier,1,8,audikw_1,mpi,1.303043
Frontier,1,8,audikw_1,st,1.284328
Frontier,1,8,Bump_2911,mpi,9.488125
Frontier,1,8,Bump_2911,st,9.534563
Frontier,1,8,Cube_Coup_dt0,mpi,0.138034
Frontier,1,8,Cube_Coup_dt0,st,0.136981
Frontier,1,8,Flan_1565,mpi,0.376206
Frontier,1,8,Flan_1565,st,0.370973
Frontier,1,8,Queen_4147,mpi,18.670053
Frontier,1,8,Queen_4147,st,18.057164
Frontier,1,8,Serena,mpi,0.961831
Frontier,1,8,Serena,st,0.946721
Frontier,1,8,nd24k,mpi,0.140002
Frontier,1,8,nd24k,st,0.138338
Frontier,1,8,ldoor,mpi,1.944928
Frontier,1,8,ldoor,st,1.949512
Frontier,2,1,audikw_1,mpi,2.997954
Frontier,2,1,audikw_1,st,2.904369
Frontier,2,1,Bump_2911,mpi,26.183436
Frontier,2,1,Bump_2911,st,25.679144
Frontier,2,1,Cube_Coup_dt0,mpi,0.364094
Frontier,2,1,Cube_Coup_dt0,st,0.357490
Frontier,2,1,Flan_1565,mpi,1.063899
Frontier,2,1,Flan_1565,st,1.037824
Frontier,2,1,Queen_4147,mpi,62.832598
Frontier,2,1,Queen_4147,st,62.618586
Frontier,2,1,Serena,mpi,2.041011
Frontier,2,1,Serena,st,1.996795
Frontier,2,1,nd24k,mpi,0.196060
Frontier,2,1,nd24k,st,0.186756
Frontier,2,1,ldoor,mpi,3.915581
Frontier,2,1,ldoor,st,3.695140
Frontier,2,2,audikw_1,mpi,1.824386
Frontier,2,2,audikw_1,st,1.872904
Frontier,2,2,Bump_2911,mpi,15.053895
Frontier,2,2,Bump_2911,st,14.611365
Frontier,2,2,Cube_Coup_dt0,mpi,0.208490
Frontier,2,2,Cube_Coup_dt0,st,0.200399
Frontier,2,2,Flan_1565,mpi,0.601199
Frontier,2,2,Flan_1565,st,0.589338
Frontier,2,2,Queen_4147,mpi,34.375465
Frontier,2,2,Queen_4147,st,33.709556
Frontier,2,2,Serena,mpi,1.286306
Frontier,2,2,Serena,st,1.255199
Frontier,2,2,nd24k,mpi,0.150304
Frontier,2,2,nd24k,st,0.151646
Frontier,2,2,ldoor,mpi,2.561855
Frontier,2,2,ldoor,st,2.525761
Frontier,2,4,audikw_1,mpi,1.342713
Frontier,2,4,audikw_1,st,1.328108
Frontier,2,4,Bump_2911,mpi,9.667690
Frontier,2,4,Bump_2911,st,9.731661
Frontier,2,4,Cube_Coup_dt0,mpi,0.144027
Frontier,2,4,Cube_Coup_dt0,st,0.139987
Frontier,2,4,Flan_1565,mpi,0.383959
Frontier,2,4,Flan_1565,st,0.380234
Frontier,2,4,Queen_4147,mpi,18.897590
Frontier,2,4,Queen_4147,st,18.412152
Frontier,2,4,Serena,mpi,0.998393
Frontier,2,4,Serena,st,1.021507
Frontier,2,4,nd24k,mpi,0.138000
Frontier,2,4,nd24k,st,0.148035
Frontier,2,4,ldoor,mpi,2.035843
Frontier,2,4,ldoor,st,2.014964
Frontier,2,8,audikw_1,mpi,1.116434
Frontier,2,8,audikw_1,st,1.196723
Frontier,2,8,Bump_2911,mpi,7.690590
Frontier,2,8,Bump_2911,st,8.418071
Frontier,2,8,Cube_Coup_dt0,mpi,0.107694
Frontier,2,8,Cube_Coup_dt0,st,0.117745
Frontier,2,8,Flan_1565,mpi,0.284738
Frontier,2,8,Flan_1565,st,0.299128
Frontier,2,8,Queen_4147,mpi,11.810330
Frontier,2,8,Queen_4147,st,11.925077
Frontier,2,8,Serena,mpi,0.861766
Frontier,2,8,Serena,st,1.032017
Frontier,2,8,nd24k,mpi,0.160875
Frontier,2,8,nd24k,st,0.199234
Frontier,2,8,ldoor,mpi,1.715658
Frontier,2,8,ldoor,st,1.800482
Frontier,4,1,audikw_1,mpi,1.912725
Frontier,4,1,audikw_1,st,1.931806
Frontier,4,1,Bump_2911,mpi,15.550610
Frontier,4,1,Bump_2911,st,15.042981
Frontier,4,1,Cube_Coup_dt0,mpi,0.215383
Frontier,4,1,Cube_Coup_dt0,st,0.212411
Frontier,4,1,Flan_1565,mpi,0.623743
Frontier,4,1,Flan_1565,st,0.619285
Frontier,4,1,Queen_4147,mpi,34.609197
Frontier,4,1,Queen_4147,st,34.029268
Frontier,4,1,Serena,mpi,1.336517
Frontier,4,1,Serena,st,1.289315
Frontier,4,1,nd24k,mpi,0.146601
Frontier,4,1,nd24k,st,0.162835
Frontier,4,1,ldoor,mpi,2.668927
Frontier,4,1,ldoor,st,2.530494
Frontier,4,2,audikw_1,mpi,1.357639
Frontier,4,2,audikw_1,st,1.304592
Frontier,4,2,Bump_2911,mpi,9.696216
Frontier,4,2,Bump_2911,st,9.742158
Frontier,4,2,Cube_Coup_dt0,mpi,0.143561
Frontier,4,2,Cube_Coup_dt0,st,0.142708
Frontier,4,2,Flan_1565,mpi,0.403683
Frontier,4,2,Flan_1565,st,0.392475
Frontier,4,2,Queen_4147,mpi,18.822699
Frontier,4,2,Queen_4147,st,18.818340
Frontier,4,2,Serena,mpi,1.011674
Frontier,4,2,Serena,st,1.030774
Frontier,4,2,nd24k,mpi,0.141319
Frontier,4,2,nd24k,st,0.155686
Frontier,4,2,ldoor,mpi,1.967637
Frontier,4,2,ldoor,st,2.103561
Frontier,4,4,audikw_1,mpi,1.146476
Frontier,4,4,audikw_1,st,1.198127
Frontier,4,4,Bump_2911,mpi,7.500918
Frontier,4,4,Bump_2911,st,8.633150
Frontier,4,4,Cube_Coup_dt0,mpi,0.115650
Frontier,4,4,Cube_Coup_dt0,st,0.123693
Frontier,4,4,Flan_1565,mpi,0.310302
Frontier,4,4,Flan_1565,st,0.301276
Frontier,4,4,Queen_4147,mpi,11.950056
Frontier,4,4,Queen_4147,st,12.187593
Frontier,4,4,Serena,mpi,0.871025
Frontier,4,4,Serena,st,1.053536
Frontier,4,4,nd24k,mpi,0.149569
Frontier,4,4,nd24k,st,0.206337
Frontier,4,4,ldoor,mpi,1.768756
Frontier,4,4,ldoor,st,1.854164
Frontier,4,8,audikw_1,mpi,1.119494
Frontier,4,8,audikw_1,st,1.288379
Frontier,4,8,Bump_2911,mpi,6.606638
Frontier,4,8,Bump_2911,st,8.711901
Frontier,4,8,Cube_Coup_dt0,mpi,0.101840
Frontier,4,8,Cube_Coup_dt0,st,0.119243
Frontier,4,8,Flan_1565,mpi,0.251164
Frontier,4,8,Flan_1565,st,0.282921
Frontier,4,8,Queen_4147,mpi,8.840782
Frontier,4,8,Queen_4147,st,10.363975
Frontier,4,8,Serena,mpi,0.846195
Frontier,4,8,Serena,st,1.171618
Frontier,4,8,nd24k,mpi,0.156073
Frontier,4,8,nd24k,st,0.245253
Frontier,4,8,ldoor,mpi,1.732893
Frontier,4,8,ldoor,st,1.980575
Frontier,8,1,audikw_1,mpi,1.322175
Frontier,8,1,audikw_1,st,1.406955
Frontier,8,1,Bump_2911,mpi,9.785020
Frontier,8,1,Bump_2911,st,10.208829
Frontier,8,1,Cube_Coup_dt0,mpi,0.140068
Frontier,8,1,Cube_Coup_dt0,st,0.144461
Frontier,8,1,Flan_1565,mpi,0.407349
Frontier,8,1,Flan_1565,st,0.409831
Frontier,8,1,Queen_4147,mpi,19.020282
Frontier,8,1,Queen_4147,st,19.065095
Frontier,8,1,Serena,mpi,0.971723
Frontier,8,1,Serena,st,1.029866
Frontier,8,1,nd24k,mpi,0.141731
Frontier,8,1,nd24k,st,0.169172
Frontier,8,1,ldoor,mpi,2.071402
Frontier,8,1,ldoor,st,2.176129
Frontier,8,2,audikw_1,mpi,1.131058
Frontier,8,2,audikw_1,st,1.215668
Frontier,8,2,Bump_2911,mpi,7.399882
Frontier,8,2,Bump_2911,st,8.449529
Frontier,8,2,Cube_Coup_dt0,mpi,0.109969
Frontier,8,2,Cube_Coup_dt0,st,0.118311
Frontier,8,2,Flan_1565,mpi,0.306270
Frontier,8,2,Flan_1565,st,0.299408
Frontier,8,2,Queen_4147,mpi,12.164042
Frontier,8,2,Queen_4147,st,12.284815
Frontier,8,2,Serena,mpi,0.891405
Frontier,8,2,Serena,st,1.032300
Frontier,8,2,nd24k,mpi,0.152815
Frontier,8,2,nd24k,st,0.195452
Frontier,8,2,ldoor,mpi,1.746023
Frontier,8,2,ldoor,st,1.895922
Frontier,8,4,audikw_1,mpi,1.102945
Frontier,8,4,audikw_1,st,1.370929
Frontier,8,4,Bump_2911,mpi,6.616215
Frontier,8,4,Bump_2911,st,8.567112
Frontier,8,4,Cube_Coup_dt0,mpi,0.100726
Frontier,8,4,Cube_Coup_dt0,st,0.127755
Frontier,8,4,Flan_1565,mpi,0.257476
Frontier,8,4,Flan_1565,st,0.291350
Frontier,8,4,Queen_4147,mpi,8.742311
Frontier,8,4,Queen_4147,st,10.394589
Frontier,8,4,Serena,mpi,0.806309
Frontier,8,4,Serena,st,1.192376
Frontier,8,4,nd24k,mpi,0.155548
Frontier,8,4,nd24k,st,0.241246
Frontier,8,4,ldoor,mpi,1.864236
Frontier,8,4,ldoor,st,2.041901
Frontier,8,8,audikw_1,mpi,1.108147
Frontier,8,8,audikw_1,st,1.587143
Frontier,8,8,Bump_2911,mpi,6.138588
Frontier,8,8,Bump_2911,st,10.059643
Frontier,8,8,Cube_Coup_dt0,mpi,0.098475
Frontier,8,8,Cube_Coup_dt0,st,0.136934
Frontier,8,8,Flan_1565,mpi,0.247368
Frontier,8,8,Flan_1565,st,0.306014
Frontier,8,8,Queen_4147,mpi,7.357573
Frontier,8,8,Queen_4147,st,10.127461
Frontier,8,8,Serena,mpi,0.867989
Frontier,8,8,Serena,st,1.403010
Frontier,8,8,nd24k,mpi,0.166766
Frontier,8,8,nd24k,st,0.305796
Frontier,8,8,ldoor,mpi,1.692490
Frontier,8,8,ldoor,st,2.230856
Frontier,1,1,audikw_1,mpi,5.206545
Frontier,1,1,audikw_1,st,5.341304
Frontier,1,1,Bump_2911,mpi,49.233897
Frontier,1,1,Bump_2911,st,49.593093
Frontier,1,1,Cube_Coup_dt0,mpi,0.654876
Frontier,1,1,Cube_Coup_dt0,st,0.659387
Frontier,1,1,Flan_1565,mpi,1.921539
Frontier,1,1,Flan_1565,st,1.917251
Frontier,1,1,Queen_4147,mpi,117.678410
Frontier,1,1,Queen_4147,st,116.277370
Frontier,1,1,Serena,mpi,3.464427
Frontier,1,1,Serena,st,3.444111
Frontier,1,1,nd24k,mpi,0.250015
Frontier,1,1,nd24k,st,0.246176
Frontier,1,1,ldoor,mpi,6.187452
Frontier,1,1,ldoor,st,6.122948
Frontier,1,2,audikw_1,mpi,2.935537
Frontier,1,2,audikw_1,st,2.943052
Frontier,1,2,Bump_2911,mpi,26.133820
Frontier,1,2,Bump_2911,st,25.938835
Frontier,1,2,Cube_Coup_dt0,mpi,0.359123
Frontier,1,2,Cube_Coup_dt0,st,0.351978
Frontier,1,2,Flan_1565,mpi,1.061545
Frontier,1,2,Flan_1565,st,1.041687
Frontier,1,2,Queen_4147,mpi,64.712499
Frontier,1,2,Queen_4147,st,62.920304
Frontier,1,2,Serena,mpi,2.010669
Frontier,1,2,Serena,st,1.965534
Frontier,1,2,nd24k,mpi,0.188683
Frontier,1,2,nd24k,st,0.175469
Frontier,1,2,ldoor,mpi,3.887265
Frontier,1,2,ldoor,st,3.777213
Frontier,1,4,audikw_1,mpi,1.858287
Frontier,1,4,audikw_1,st,1.824171
Frontier,1,4,Bump_2911,mpi,15.153370
Frontier,1,4,Bump_2911,st,14.348878
Frontier,1,4,Cube_Coup_dt0,mpi,0.209142
Frontier,1,4,Cube_Coup_dt0,st,0.202673
Frontier,1,4,Flan_1565,mpi,0.608861
Frontier,1,4,Flan_1565,st,0.587205
Frontier,1,4,Queen_4147,mpi,33.529067
Frontier,1,4,Queen_4147,st,33.224355
Frontier,1,4,Serena,mpi,1.276352
Frontier,1,4,Serena,st,1.235444
Frontier,1,4,nd24k,mpi,0.144576
Frontier,1,4,nd24k,st,0.144200
Frontier,1,4,ldoor,mpi,2.551500
Frontier,1,4,ldoor,st,2.474264
Frontier,1,8,audikw_1,mpi,1.315463
Frontier,1,8,audikw_1,st,1.315727
Frontier,1,8,Bump_2911,mpi,9.636846
Frontier,1,8,Bump_2911,st,9.412541
Frontier,1,8,Cube_Coup_dt0,mpi,0.140032
Frontier,1,8,Cube_Coup_dt0,st,0.138416
Frontier,1,8,Flan_1565,mpi,0.374578
Frontier,1,8,Flan_1565,st,0.373045
Frontier,1,8,Queen_4147,mpi,18.781500
Frontier,1,8,Queen_4147,st,18.310720
Frontier,1,8,Serena,mpi,0.987472
Frontier,1,8,Serena,st,0.974049
Frontier,1,8,nd24k,mpi,0.139310
Frontier,1,8,nd24k,st,0.139882
Frontier,1,8,ldoor,mpi,1.932498
Frontier,1,8,ldoor,st,1.963673
Frontier,2,1,audikw_1,mpi,3.024704
Frontier,2,1,audikw_1,st,2.969203
Frontier,2,1,Bump_2911,mpi,26.380349
Frontier,2,1,Bump_2911,st,26.142223
Frontier,2,1,Cube_Coup_dt0,mpi,0.363679
Frontier,2,1,Cube_Coup_dt0,st,0.357090
Frontier,2,1,Flan_1565,mpi,1.084120
Frontier,2,1,Flan_1565,st,1.069577
Frontier,2,1,Queen_4147,mpi,63.231579
Frontier,2,1,Queen_4147,st,61.852152
Frontier,2,1,Serena,mpi,2.097715
Frontier,2,1,Serena,st,1.993592
Frontier,2,1,nd24k,mpi,0.196424
Frontier,2,1,nd24k,st,0.185593
Frontier,2,1,ldoor,mpi,3.850955
Frontier,2,1,ldoor,st,3.858737
Frontier,2,2,audikw_1,mpi,1.895969
Frontier,2,2,audikw_1,st,1.876088
Frontier,2,2,Bump_2911,mpi,59.001992
Frontier,2,2,Bump_2911,st,14.501199
Frontier,2,2,Cube_Coup_dt0,mpi,0.212726
Frontier,2,2,Cube_Coup_dt0,st,0.201370
Frontier,2,2,Flan_1565,mpi,0.608939
Frontier,2,2,Flan_1565,st,0.599227
Frontier,2,2,Queen_4147,mpi,34.630463
Frontier,2,2,Queen_4147,st,34.014010
Frontier,2,2,Serena,mpi,1.306473
Frontier,2,2,Serena,st,1.280719
Frontier,2,2,nd24k,mpi,0.146845
Frontier,2,2,nd24k,st,0.161087
Frontier,2,2,ldoor,mpi,2.598072
Frontier,2,2,ldoor,st,2.538632
Frontier,2,4,audikw_1,mpi,1.348163
Frontier,2,4,audikw_1,st,27.193560
Frontier,2,4,Bump_2911,mpi,9.750797
Frontier,2,4,Bump_2911,st,9.789635
Frontier,2,4,Cube_Coup_dt0,mpi,0.138528
Frontier,2,4,Cube_Coup_dt0,st,0.141976
Frontier,2,4,Flan_1565,mpi,0.397098
Frontier,2,4,Flan_1565,st,0.379782
Frontier,2,4,Queen_4147,mpi,18.826488
Frontier,2,4,Queen_4147,st,18.386372
Frontier,2,4,Serena,mpi,1.006549
Frontier,2,4,Serena,st,1.013442
Frontier,2,4,nd24k,mpi,0.139918
Frontier,2,4,nd24k,st,0.146363
Frontier,2,4,ldoor,mpi,2.010191
Frontier,2,4,ldoor,st,2.056493
Frontier,2,8,audikw_1,mpi,1.143147
Frontier,2,8,audikw_1,st,1.229011
Frontier,2,8,Bump_2911,mpi,7.610834
Frontier,2,8,Bump_2911,st,8.239087
Frontier,2,8,Cube_Coup_dt0,mpi,0.111911
Frontier,2,8,Cube_Coup_dt0,st,0.119099
Frontier,2,8,Flan_1565,mpi,0.284842
Frontier,2,8,Flan_1565,st,0.296143
Frontier,2,8,Queen_4147,mpi,11.871724
Frontier,2,8,Queen_4147,st,12.064631
Frontier,2,8,Serena,mpi,0.872357
Frontier,2,8,Serena,st,1.026593
Frontier,2,8,nd24k,mpi,0.152305
Frontier,2,8,nd24k,st,0.199771
Frontier,2,8,ldoor,mpi,1.694350
Frontier,2,8,ldoor,st,1.802698
Frontier,4,1,audikw_1,mpi,1.887352
Frontier,4,1,audikw_1,st,1.922128
Frontier,4,1,Bump_2911,mpi,15.196421
Frontier,4,1,Bump_2911,st,14.706644
Frontier,4,1,Cube_Coup_dt0,mpi,0.206409
Frontier,4,1,Cube_Coup_dt0,st,0.206752
Frontier,4,1,Flan_1565,mpi,0.623768
Frontier,4,1,Flan_1565,st,0.616479
Frontier,4,1,Queen_4147,mpi,34.018347
Frontier,4,1,Queen_4147,st,33.462376
Frontier,4,1,Serena,mpi,1.299325
Frontier,4,1,Serena,st,1.259664
Frontier,4,1,nd24k,mpi,0.148334
Frontier,4,1,nd24k,st,0.156515
Frontier,4,1,ldoor,mpi,2.563438
Frontier,4,1,ldoor,st,2.546888
Frontier,4,2,audikw_1,mpi,1.315180
Frontier,4,2,audikw_1,st,1.261899
Frontier,4,2,Bump_2911,mpi,9.611769
Frontier,4,2,Bump_2911,st,9.699448
Frontier,4,2,Cube_Coup_dt0,mpi,0.139540
Frontier,4,2,Cube_Coup_dt0,st,0.137673
Frontier,4,2,Flan_1565,mpi,0.387935
Frontier,4,2,Flan_1565,st,0.382757
Frontier,4,2,Queen_4147,mpi,18.710491
Frontier,4,2,Queen_4147,st,18.298154
Frontier,4,2,Serena,mpi,0.965563
Frontier,4,2,Serena,st,0.993607
Frontier,4,2,nd24k,mpi,0.140542
Frontier,4,2,nd24k,st,0.154080
Frontier,4,2,ldoor,mpi,1.954272
Frontier,4,2,ldoor,st,1.931030
Frontier,4,4,audikw_1,mpi,1.246188
Frontier,4,4,audikw_1,st,1.235864
Frontier,4,4,Bump_2911,mpi,7.430139
Frontier,4,4,Bump_2911,st,8.297688
Frontier,4,4,Cube_Coup_dt0,mpi,0.107213
Frontier,4,4,Cube_Coup_dt0,st,0.117490
Frontier,4,4,Flan_1565,mpi,0.290785
Frontier,4,4,Flan_1565,st,0.296120
Frontier,4,4,Queen_4147,mpi,11.607579
Frontier,4,4,Queen_4147,st,11.980984
Frontier,4,4,Serena,mpi,0.846370
Frontier,4,4,Serena,st,1.010186
Frontier,4,4,nd24k,mpi,0.141394
Frontier,4,4,nd24k,st,0.203249
Frontier,4,4,ldoor,mpi,1.750800
Frontier,4,4,ldoor,st,1.893237
Frontier,4,8,audikw_1,mpi,1.109870
Frontier,4,8,audikw_1,st,1.303164
Frontier,4,8,Bump_2911,mpi,6.542143
Frontier,4,8,Bump_2911,st,8.464167
Frontier,4,8,Cube_Coup_dt0,mpi,0.098468
Frontier,4,8,Cube_Coup_dt0,st,0.122736
Frontier,4,8,Flan_1565,mpi,0.243599
Frontier,4,8,Flan_1565,st,0.282657
Frontier,4,8,Queen_4147,mpi,8.549662
Frontier,4,8,Queen_4147,st,10.378775
Frontier,4,8,Serena,mpi,0.819553
Frontier,4,8,Serena,st,1.177930
Frontier,4,8,nd24k,mpi,0.150544
Frontier,4,8,nd24k,st,0.237991
Frontier,4,8,ldoor,mpi,1.607019
Frontier,4,8,ldoor,st,1.937556
Frontier,8,1,audikw_1,mpi,1.323316
Frontier,8,1,audikw_1,st,1.385844
Frontier,8,1,Bump_2911,mpi,9.635526
Frontier,8,1,Bump_2911,st,10.114467
Frontier,8,1,Cube_Coup_dt0,mpi,0.141653
Frontier,8,1,Cube_Coup_dt0,st,0.146026
Frontier,8,1,Flan_1565,mpi,0.406379
Frontier,8,1,Flan_1565,st,0.404426
Frontier,8,1,Queen_4147,mpi,19.053064
Frontier,8,1,Queen_4147,st,18.763067
Frontier,8,1,Serena,mpi,0.983211
Frontier,8,1,Serena,st,1.056924
Frontier,8,1,nd24k,mpi,0.141583
Frontier,8,1,nd24k,st,0.167038
Frontier,8,1,ldoor,mpi,2.023629
Frontier,8,1,ldoor,st,2.061094
Frontier,8,2,audikw_1,mpi,1.106242
Frontier,8,2,audikw_1,st,1.215017
Frontier,8,2,Bump_2911,mpi,7.479639
Frontier,8,2,Bump_2911,st,8.377644
Frontier,8,2,Cube_Coup_dt0,mpi,0.111665
Frontier,8,2,Cube_Coup_dt0,st,0.119578
Frontier,8,2,Flan_1565,mpi,0.297142
Frontier,8,2,Flan_1565,st,0.312006
Frontier,8,2,Queen_4147,mpi,12.067662
Frontier,8,2,Queen_4147,st,12.394877
Frontier,8,2,Serena,mpi,0.863474
Frontier,8,2,Serena,st,1.023630
Frontier,8,2,nd24k,mpi,0.148296
Frontier,8,2,nd24k,st,0.199208
Frontier,8,2,ldoor,mpi,1.813305
Frontier,8,2,ldoor,st,1.859022
Frontier,8,4,audikw_1,mpi,1.062174
Frontier,8,4,audikw_1,st,1.315965
Frontier,8,4,Bump_2911,mpi,6.631507
Frontier,8,4,Bump_2911,st,8.579801
Frontier,8,4,Cube_Coup_dt0,mpi,0.097905
Frontier,8,4,Cube_Coup_dt0,st,0.123177
Frontier,8,4,Flan_1565,mpi,0.263519
Frontier,8,4,Flan_1565,st,0.294719
Frontier,8,4,Queen_4147,mpi,8.658543
Frontier,8,4,Queen_4147,st,10.189760
Frontier,8,4,Serena,mpi,0.851279
Frontier,8,4,Serena,st,1.166406
Frontier,8,4,nd24k,mpi,0.150074
Frontier,8,4,nd24k,st,0.250974
Frontier,8,4,ldoor,mpi,1.865138
Frontier,8,4,ldoor,st,2.040380
Frontier,8,8,audikw_1,mpi,1.104901
Frontier,8,8,audikw_1,st,1.630996
Frontier,8,8,Bump_2911,mpi,6.094341
Frontier,8,8,Bump_2911,st,10.057221
Frontier,8,8,Cube_Coup_dt0,mpi,0.096140
Frontier,8,8,Cube_Coup_dt0,st,0.137320
Frontier,8,8,Flan_1565,mpi,0.241026
Frontier,8,8,Flan_1565,st,0.305853
Frontier,8,8,Queen_4147,mpi,7.393864
Frontier,8,8,Queen_4147,st,9.764636
Frontier,8,8,Serena,mpi,0.838493
Frontier,8,8,Serena,st,1.431899
Frontier,8,8,nd24k,mpi,0.162795
Frontier,8,8,nd24k,st,0.290301
Frontier,8,8,ldoor,mpi,1.694619
Frontier,8,8,ldoor,st,2.226411
Frontier,1,1,audikw_1,mpi,5.314913
Frontier,1,1,audikw_1,st,5.315104
Frontier,1,1,Bump_2911,mpi,49.615956
Frontier,1,1,Bump_2911,st,49.447380
Frontier,1,1,Cube_Coup_dt0,mpi,0.652056
Frontier,1,1,Cube_Coup_dt0,st,0.653023
Frontier,1,1,Flan_1565,mpi,1.975836
Frontier,1,1,Flan_1565,st,1.974404
Frontier,1,1,Queen_4147,mpi,118.190970
Frontier,1,1,Queen_4147,st,120.031507
Frontier,1,1,Serena,mpi,3.448088
Frontier,1,1,Serena,st,3.408412
Frontier,1,1,nd24k,mpi,0.246080
Frontier,1,1,nd24k,st,0.245122
Frontier,1,1,ldoor,mpi,6.183593
Frontier,1,1,ldoor,st,6.198569
Frontier,1,2,audikw_1,mpi,2.997434
Frontier,1,2,audikw_1,st,2.900739
Frontier,1,2,Bump_2911,mpi,26.539742
Frontier,1,2,Bump_2911,st,25.941287
Frontier,1,2,Cube_Coup_dt0,mpi,0.364854
Frontier,1,2,Cube_Coup_dt0,st,0.355459
Frontier,1,2,Flan_1565,mpi,1.069461
Frontier,1,2,Flan_1565,st,1.066078
Frontier,1,2,Queen_4147,mpi,64.450535
Frontier,1,2,Queen_4147,st,64.650562
Frontier,1,2,Serena,mpi,2.054809
Frontier,1,2,Serena,st,1.970364
Frontier,1,2,nd24k,mpi,0.192691
Frontier,1,2,nd24k,st,0.185997
Frontier,1,2,ldoor,mpi,3.850102
Frontier,1,2,ldoor,st,3.729329
Frontier,1,4,audikw_1,mpi,1.899363
Frontier,1,4,audikw_1,st,1.882319
Frontier,1,4,Bump_2911,mpi,14.810132
Frontier,1,4,Bump_2911,st,14.383204
Frontier,1,4,Cube_Coup_dt0,mpi,0.206108
Frontier,1,4,Cube_Coup_dt0,st,0.196118
Frontier,1,4,Flan_1565,mpi,0.598215
Frontier,1,4,Flan_1565,st,0.597704
Frontier,1,4,Queen_4147,mpi,33.876369
Frontier,1,4,Queen_4147,st,33.185654
Frontier,1,4,Serena,mpi,1.303705
Frontier,1,4,Serena,st,1.242053
Frontier,1,4,nd24k,mpi,0.148278
Frontier,1,4,nd24k,st,0.139604
Frontier,1,4,ldoor,mpi,2.570294
Frontier,1,4,ldoor,st,2.468547
Frontier,1,8,audikw_1,mpi,1.343860
Frontier,1,8,audikw_1,st,1.237206
Frontier,1,8,Bump_2911,mpi,9.502774
Frontier,1,8,Bump_2911,st,9.533397
Frontier,1,8,Cube_Coup_dt0,mpi,0.138416
Frontier,1,8,Cube_Coup_dt0,st,0.135681
Frontier,1,8,Flan_1565,mpi,0.379229
Frontier,1,8,Flan_1565,st,0.370600
Frontier,1,8,Queen_4147,mpi,18.747149
Frontier,1,8,Queen_4147,st,17.926381
Frontier,1,8,Serena,mpi,0.957674
Frontier,1,8,Serena,st,0.963359
Frontier,1,8,nd24k,mpi,0.144027
Frontier,1,8,nd24k,st,0.144620
Frontier,1,8,ldoor,mpi,1.874071
Frontier,1,8,ldoor,st,1.937264
Frontier,2,1,audikw_1,mpi,3.074869
Frontier,2,1,audikw_1,st,3.012339
Frontier,2,1,Bump_2911,mpi,26.692372
Frontier,2,1,Bump_2911,st,26.349838
Frontier,2,1,Cube_Coup_dt0,mpi,0.363195
Frontier,2,1,Cube_Coup_dt0,st,0.357207
Frontier,2,1,Flan_1565,mpi,1.091835
Frontier,2,1,Flan_1565,st,1.068837
Frontier,2,1,Queen_4147,mpi,63.901598
Frontier,2,1,Queen_4147,st,63.454357
Frontier,2,1,Serena,mpi,2.076809
Frontier,2,1,Serena,st,2.014095
Frontier,2,1,nd24k,mpi,0.187546
Frontier,2,1,nd24k,st,0.196935
Frontier,2,1,ldoor,mpi,3.824121
Frontier,2,1,ldoor,st,3.716455
Frontier,2,2,audikw_1,mpi,1.896275
Frontier,2,2,audikw_1,st,1.832776
Frontier,2,2,Bump_2911,mpi,15.339028
Frontier,2,2,Bump_2911,st,14.695619
Frontier,2,2,Cube_Coup_dt0,mpi,0.212489
Frontier,2,2,Cube_Coup_dt0,st,0.207126
Frontier,2,2,Flan_1565,mpi,0.608659
Frontier,2,2,Flan_1565,st,0.600855
Frontier,2,2,Queen_4147,mpi,34.482955
Frontier,2,2,Queen_4147,st,33.931457
Frontier,2,2,Serena,mpi,1.291107
Frontier,2,2,Serena,st,1.252291
Frontier,2,2,nd24k,mpi,0.149023
Frontier,2,2,nd24k,st,0.149608
Frontier,2,2,ldoor,mpi,2.622373
Frontier,2,2,ldoor,st,2.516013
Frontier,2,4,audikw_1,mpi,1.346468
Frontier,2,4,audikw_1,st,1.320278
Frontier,2,4,Bump_2911,mpi,9.608917
Frontier,2,4,Bump_2911,st,9.705214
Frontier,2,4,Cube_Coup_dt0,mpi,0.142043
Frontier,2,4,Cube_Coup_dt0,st,0.140210
Frontier,2,4,Flan_1565,mpi,0.389830
Frontier,2,4,Flan_1565,st,0.386997
Frontier,2,4,Queen_4147,mpi,18.826099
Frontier,2,4,Queen_4147,st,18.671521
Frontier,2,4,Serena,mpi,0.972716
Frontier,2,4,Serena,st,1.002880
Frontier,2,4,nd24k,mpi,0.141605
Frontier,2,4,nd24k,st,0.153765
Frontier,2,4,ldoor,mpi,1.951529
Frontier,2,4,ldoor,st,2.029481
Frontier,2,8,audikw_1,mpi,1.124230
Frontier,2,8,audikw_1,st,1.230039
Frontier,2,8,Bump_2911,mpi,7.526937
Frontier,2,8,Bump_2911,st,8.232345
Frontier,2,8,Cube_Coup_dt0,mpi,0.110505
Frontier,2,8,Cube_Coup_dt0,st,0.106903
Frontier,2,8,Flan_1565,mpi,0.293260
Frontier,2,8,Flan_1565,st,0.284633
Frontier,2,8,Queen_4147,mpi,11.853369
Frontier,2,8,Queen_4147,st,11.878092
Frontier,2,8,Serena,mpi,0.833463
Frontier,2,8,Serena,st,1.026926
Frontier,2,8,nd24k,mpi,0.142775
Frontier,2,8,nd24k,st,0.199393
Frontier,2,8,ldoor,mpi,1.720931
Frontier,2,8,ldoor,st,1.784167
Frontier,4,1,audikw_1,mpi,1.912977
Frontier,4,1,audikw_1,st,1.908326
Frontier,4,1,Bump_2911,mpi,15.456784
Frontier,4,1,Bump_2911,st,14.965246
Frontier,4,1,Cube_Coup_dt0,mpi,0.213191
Frontier,4,1,Cube_Coup_dt0,st,0.207964
Frontier,4,1,Flan_1565,mpi,0.629961
Frontier,4,1,Flan_1565,st,0.622687
Frontier,4,1,Queen_4147,mpi,34.453290
Frontier,4,1,Queen_4147,st,33.988749
Frontier,4,1,Serena,mpi,1.301820
Frontier,4,1,Serena,st,1.279433
Frontier,4,1,nd24k,mpi,0.156001
Frontier,4,1,nd24k,st,0.166855
Frontier,4,1,ldoor,mpi,2.639925
Frontier,4,1,ldoor,st,2.632160
Frontier,4,2,audikw_1,mpi,1.294869
Frontier,4,2,audikw_1,st,1.317684
Frontier,4,2,Bump_2911,mpi,9.659535
Frontier,4,2,Bump_2911,st,9.833200
Frontier,4,2,Cube_Coup_dt0,mpi,0.142705
Frontier,4,2,Cube_Coup_dt0,st,0.142552
Frontier,4,2,Flan_1565,mpi,0.396534
Frontier,4,2,Flan_1565,st,0.398011
Frontier,4,2,Queen_4147,mpi,18.744697
Frontier,4,2,Queen_4147,st,18.328113
Frontier,4,2,Serena,mpi,0.985085
Frontier,4,2,Serena,st,1.016894
Frontier,4,2,nd24k,mpi,0.143356
Frontier,4,2,nd24k,st,0.152530
Frontier,4,2,ldoor,mpi,2.034447
Frontier,4,2,ldoor,st,1.977068
Frontier,4,4,audikw_1,mpi,1.126530
Frontier,4,4,audikw_1,st,1.189469
Frontier,4,4,Bump_2911,mpi,7.505205
Frontier,4,4,Bump_2911,st,8.393340
Frontier,4,4,Cube_Coup_dt0,mpi,0.109276
Frontier,4,4,Cube_Coup_dt0,st,0.119437
Frontier,4,4,Flan_1565,mpi,0.308940
Frontier,4,4,Flan_1565,st,0.300962
Frontier,4,4,Queen_4147,mpi,11.810246
Frontier,4,4,Queen_4147,st,12.201351
Frontier,4,4,Serena,mpi,0.876293
Frontier,4,4,Serena,st,1.039642
Frontier,4,4,nd24k,mpi,0.146316
Frontier,4,4,nd24k,st,0.212641
Frontier,4,4,ldoor,mpi,1.813371
Frontier,4,4,ldoor,st,1.904916
Frontier,4,8,audikw_1,mpi,1.058369
Frontier,4,8,audikw_1,st,1.324903
Frontier,4,8,Bump_2911,mpi,6.697497
Frontier,4,8,Bump_2911,st,8.572892
Frontier,4,8,Cube_Coup_dt0,mpi,0.098610
Frontier,4,8,Cube_Coup_dt0,st,0.121440
Frontier,4,8,Flan_1565,mpi,0.255401
Frontier,4,8,Flan_1565,st,0.285456
Frontier,4,8,Queen_4147,mpi,8.976124
Frontier,4,8,Queen_4147,st,10.174920
Frontier,4,8,Serena,mpi,0.834014
Frontier,4,8,Serena,st,1.213603
Frontier,4,8,nd24k,mpi,0.155066
Frontier,4,8,nd24k,st,0.242291
Frontier,4,8,ldoor,mpi,1.670568
Frontier,4,8,ldoor,st,1.973141
Frontier,8,1,audikw_1,mpi,1.304447
Frontier,8,1,audikw_1,st,1.414209
Frontier,8,1,Bump_2911,mpi,9.774430
Frontier,8,1,Bump_2911,st,10.153847
Frontier,8,1,Cube_Coup_dt0,mpi,0.142637
Frontier,8,1,Cube_Coup_dt0,st,0.145400
Frontier,8,1,Flan_1565,mpi,0.403391
Frontier,8,1,Flan_1565,st,0.405900
Frontier,8,1,Queen_4147,mpi,19.158290
Frontier,8,1,Queen_4147,st,19.015065
Frontier,8,1,Serena,mpi,0.983169
Frontier,8,1,Serena,st,1.053040
Frontier,8,1,nd24k,mpi,0.132239
Frontier,8,1,nd24k,st,0.167657
Frontier,8,1,ldoor,mpi,2.061504
Frontier,8,1,ldoor,st,2.120776
Frontier,8,2,audikw_1,mpi,1.198176
Frontier,8,2,audikw_1,st,1.184787
Frontier,8,2,Bump_2911,mpi,7.435422
Frontier,8,2,Bump_2911,st,8.389004
Frontier,8,2,Cube_Coup_dt0,mpi,0.112081
Frontier,8,2,Cube_Coup_dt0,st,0.118873
Frontier,8,2,Flan_1565,mpi,0.309613
Frontier,8,2,Flan_1565,st,0.307105
Frontier,8,2,Queen_4147,mpi,11.770752
Frontier,8,2,Queen_4147,st,12.344370
Frontier,8,2,Serena,mpi,0.892758
Frontier,8,2,Serena,st,1.049386
Frontier,8,2,nd24k,mpi,0.154428
Frontier,8,2,nd24k,st,0.201353
Frontier,8,2,ldoor,mpi,1.782908
Frontier,8,2,ldoor,st,1.930843
Frontier,8,4,audikw_1,mpi,1.076934
Frontier,8,4,audikw_1,st,1.343929
Frontier,8,4,Bump_2911,mpi,7.046593
Frontier,8,4,Bump_2911,st,8.727293
Frontier,8,4,Cube_Coup_dt0,mpi,0.106392
Frontier,8,4,Cube_Coup_dt0,st,0.126136
Frontier,8,4,Flan_1565,mpi,0.260469
Frontier,8,4,Flan_1565,st,0.279728
Frontier,8,4,Queen_4147,mpi,8.829941
Frontier,8,4,Queen_4147,st,10.011379
Frontier,8,4,Serena,mpi,0.833996
Frontier,8,4,Serena,st,1.222353
Frontier,8,4,nd24k,mpi,0.153287
Frontier,8,4,nd24k,st,0.251310
Frontier,8,4,ldoor,mpi,1.741146
Frontier,8,4,ldoor,st,2.031025
Frontier,8,8,audikw_1,mpi,1.138614
Frontier,8,8,audikw_1,st,1.590368
Frontier,8,8,Bump_2911,mpi,6.124148
Frontier,8,8,Bump_2911,st,10.080878
Frontier,8,8,Cube_Coup_dt0,mpi,0.097786
Frontier,8,8,Cube_Coup_dt0,st,0.138264
Frontier,8,8,Flan_1565,mpi,0.241323
Frontier,8,8,Flan_1565,st,0.291304
Frontier,8,8,Queen_4147,mpi,7.307643
Frontier,8,8,Queen_4147,st,10.106853
Frontier,8,8,Serena,mpi,0.824242
Frontier,8,8,Serena,st,1.393632
Frontier,8,8,nd24k,mpi,0.162722
Frontier,8,8,nd24k,st,0.286075
Frontier,8,8,ldoor,mpi,1.715251
Frontier,8,8,ldoor,st,2.231483
Frontier,1,1,audikw_1,rccl,5.378504
Frontier,1,1,Bump_2911,rccl,49.862833
Frontier,1,1,Cube_Coup_dt0,rccl,0.658266
Frontier,1,1,Flan_1565,rccl,1.989173
Frontier,1,1,Queen_4147,rccl,121.947967
Frontier,1,1,Serena,rccl,3.513823
Frontier,1,1,nd24k,rccl,0.256672
Frontier,1,1,ldoor,rccl,6.296079
Frontier,1,2,audikw_1,rccl,3.057353
Frontier,1,2,Bump_2911,rccl,27.325711
Frontier,1,2,Cube_Coup_dt0,rccl,0.370692
Frontier,1,2,Flan_1565,rccl,1.090801
Frontier,1,2,Queen_4147,rccl,65.406506
Frontier,1,2,Serena,rccl,2.151098
Frontier,1,2,nd24k,rccl,0.203927
Frontier,1,2,ldoor,rccl,3.982653
Frontier,1,4,audikw_1,rccl,1.974824
Frontier,1,4,Bump_2911,rccl,15.676707
Frontier,1,4,Cube_Coup_dt0,rccl,0.221707
Frontier,1,4,Flan_1565,rccl,0.623086
Frontier,1,4,Queen_4147,rccl,34.071264
Frontier,1,4,Serena,rccl,1.382637
Frontier,1,4,nd24k,rccl,0.154531
Frontier,1,4,ldoor,rccl,2.674679
Frontier,1,8,audikw_1,rccl,1.488052
Frontier,1,8,Bump_2911,rccl,10.416576
Frontier,1,8,Cube_Coup_dt0,rccl,0.146654
Frontier,1,8,Flan_1565,rccl,0.404730
Frontier,1,8,Queen_4147,rccl,20.153542
Frontier,1,8,Serena,rccl,1.041376
Frontier,1,8,nd24k,rccl,0.145070
Frontier,1,8,ldoor,rccl,2.077259
Frontier,2,1,audikw_1,rccl,8.544446
Frontier,2,1,Bump_2911,rccl,86.879281
Frontier,2,1,Cube_Coup_dt0,rccl,1.012884
Frontier,2,1,Flan_1565,rccl,3.156778
Frontier,2,1,Queen_4147,rccl,159.017323
Frontier,2,1,Serena,rccl,5.896429
Frontier,2,1,nd24k,rccl,0.518216
Frontier,2,1,ldoor,rccl,9.925196
Frontier,2,2,audikw_1,rccl,6.796177
Frontier,2,2,Bump_2911,rccl,57.177656
Frontier,2,2,Cube_Coup_dt0,rccl,0.754891
Frontier,2,2,Flan_1565,rccl,2.510903
Frontier,2,2,Queen_4147,rccl,192.846170
Frontier,2,2,Serena,rccl,6.872218
Frontier,2,2,nd24k,rccl,0.630799
Frontier,2,2,ldoor,rccl,9.881818
Frontier,2,4,audikw_1,rccl,9.516114
Frontier,2,4,Bump_2911,rccl,135.944743
Frontier,2,4,Cube_Coup_dt0,rccl,4.625850
Frontier,2,4,Flan_1565,rccl,1.307875
Frontier,2,4,Queen_4147,rccl,192.964617
Frontier,2,4,Serena,rccl,12.215196
Frontier,2,4,nd24k,rccl,0.644770
Frontier,2,4,ldoor,rccl,28.957996
Frontier,2,8,audikw_1,rccl,19.348076
Frontier,2,8,Bump_2911,rccl,100.615960
Frontier,2,8,Cube_Coup_dt0,rccl,0.613540
Frontier,2,8,Flan_1565,rccl,3.101427
Frontier,2,8,Queen_4147,rccl,225.134557
Frontier,2,8,Serena,rccl,11.608638
Frontier,2,8,nd24k,rccl,1.972124
Frontier,2,8,ldoor,rccl,24.762374
Frontier,4,1,audikw_1,rccl,18.851739
Frontier,4,1,Bump_2911,rccl,116.673262
Frontier,4,1,Cube_Coup_dt0,rccl,1.189819
Frontier,4,1,Flan_1565,rccl,4.098327
Frontier,4,1,Queen_4147,rccl,357.749974
Frontier,8,1,audikw_1,rccl,70.346415
Frontier,1,1,audikw_1,rccl,5.389651
Frontier,1,1,Bump_2911,rccl,49.893762
Frontier,1,1,Cube_Coup_dt0,rccl,0.658455
Frontier,1,1,Flan_1565,rccl,1.994094
Frontier,1,1,Queen_4147,rccl,122.130726
Frontier,1,1,Serena,rccl,3.513132
Frontier,1,1,nd24k,rccl,0.254485
Frontier,1,1,ldoor,rccl,6.257514
Frontier,1,2,audikw_1,rccl,3.088267
Frontier,1,2,Bump_2911,rccl,27.274194
Frontier,1,2,Cube_Coup_dt0,rccl,0.370992
Frontier,1,2,Flan_1565,rccl,1.095979
Frontier,1,2,Queen_4147,rccl,66.467835
Frontier,1,2,Serena,rccl,2.136488
Frontier,1,2,nd24k,rccl,0.203476
Frontier,1,2,ldoor,rccl,3.883084
Frontier,1,4,audikw_1,rccl,1.984952
Frontier,1,4,Bump_2911,rccl,15.519058
Frontier,1,4,Cube_Coup_dt0,rccl,0.217863
Frontier,1,4,Flan_1565,rccl,0.620082
Frontier,1,4,Queen_4147,rccl,33.854831
Frontier,1,4,Serena,rccl,1.405464
Frontier,1,4,nd24k,rccl,0.159016
Frontier,1,4,ldoor,rccl,2.664260
Frontier,1,8,audikw_1,rccl,1.479754
Frontier,1,8,Bump_2911,rccl,10.389404
Frontier,1,8,Cube_Coup_dt0,rccl,0.148345
Frontier,1,8,Flan_1565,rccl,0.407420
Frontier,1,8,Queen_4147,rccl,19.730743
Frontier,1,8,Serena,rccl,1.057725
Frontier,1,8,nd24k,rccl,0.146944
Frontier,1,8,ldoor,rccl,2.078243
Frontier,2,1,audikw_1,rccl,9.897324
Frontier,2,1,Bump_2911,rccl,70.088673
Frontier,2,1,Cube_Coup_dt0,rccl,0.842339
Frontier,2,1,Flan_1565,rccl,3.196597
Frontier,2,1,Queen_4147,rccl,189.686476
Frontier,2,1,Serena,rccl,4.737978
Frontier,2,1,nd24k,rccl,0.473873
Frontier,2,1,ldoor,rccl,10.818182
Frontier,2,2,audikw_1,rccl,7.031586
Frontier,2,2,Bump_2911,rccl,61.153359
Frontier,2,2,Cube_Coup_dt0,rccl,1.117006
Frontier,2,2,Flan_1565,rccl,3.033783
Frontier,2,2,Queen_4147,rccl,206.665872
Frontier,2,2,Serena,rccl,6.830233
Frontier,2,2,nd24k,rccl,0.614101
Frontier,2,2,ldoor,rccl,7.631205
Frontier,2,4,audikw_1,rccl,5.296058
Frontier,2,4,Bump_2911,rccl,84.245790
Frontier,2,4,Cube_Coup_dt0,rccl,1.155051
Frontier,2,4,Flan_1565,rccl,3.750293
Frontier,2,4,Queen_4147,rccl,152.299610
Frontier,2,4,Serena,rccl,7.846251
Frontier,2,4,nd24k,rccl,0.578472
Frontier,2,4,ldoor,rccl,18.526240
Frontier,2,8,audikw_1,rccl,18.016993
Frontier,2,8,Bump_2911,rccl,141.480778
Frontier,2,8,Cube_Coup_dt0,rccl,3.711080
Frontier,2,8,Flan_1565,rccl,6.856893
Frontier,2,8,Queen_4147,rccl,282.355128
Frontier,2,8,Serena,rccl,16.250644
Frontier,2,8,nd24k,rccl,5.198562
Frontier,2,8,ldoor,rccl,30.866606
Frontier,4,1,audikw_1,rccl,15.031374
Frontier,4,1,Bump_2911,rccl,95.972664
Frontier,4,1,Cube_Coup_dt0,rccl,1.231195
Frontier,4,1,Flan_1565,rccl,4.133782
Frontier,4,1,Queen_4147,rccl,234.548330
Frontier,4,1,Serena,rccl,8.851211
Frontier,4,1,nd24k,rccl,0.556809
Frontier,4,1,ldoor,rccl,11.864643
Frontier,4,2,audikw_1,rccl,20.840151
Frontier,4,2,Bump_2911,rccl,157.094076
Frontier,4,2,Cube_Coup_dt0,rccl,1.530670
Frontier,4,2,Flan_1565,rccl,9.722677
Frontier,4,2,Queen_4147,rccl,432.859427
Frontier,4,2,Serena,rccl,19.234786
Frontier,4,2,nd24k,rccl,2.453503
Frontier,4,2,ldoor,rccl,37.360400
Frontier,4,4,audikw_1,rccl,50.696260
Frontier,4,4,Bump_2911,rccl,312.025350
Frontier,4,4,Cube_Coup_dt0,rccl,2.308741
Frontier,4,4,Flan_1565,rccl,8.832627
Frontier,4,4,Queen_4147,rccl,318.331186
Frontier,4,4,Serena,rccl,25.299398
Frontier,4,4,nd24k,rccl,4.140497
Frontier,4,4,ldoor,rccl,57.724480
Frontier,4,8,audikw_1,rccl,169.384557
Frontier,4,8,Bump_2911,rccl,1003.762907
Frontier,4,8,Cube_Coup_dt0,rccl,13.091935
Frontier,4,8,Flan_1565,rccl,38.151733
Frontier,4,8,Queen_4147,rccl,921.000590
Frontier,4,8,Serena,rccl,107.604429
Frontier,4,8,nd24k,rccl,18.350495
Frontier,4,8,ldoor,rccl,265.087656
Frontier,1,1,audikw_1,rccl,5.395783
Frontier,1,1,Bump_2911,rccl,49.940473
Frontier,1,1,Cube_Coup_dt0,rccl,0.658762
Frontier,1,1,Flan_1565,rccl,1.894925
Frontier,1,1,Queen_4147,rccl,122.196843
Frontier,1,1,Serena,rccl,3.499130
Frontier,1,1,nd24k,rccl,0.257130
Frontier,1,1,ldoor,rccl,6.300862
Frontier,1,2,audikw_1,rccl,3.087963
Frontier,1,2,Bump_2911,rccl,26.874812
Frontier,1,2,Cube_Coup_dt0,rccl,0.368584
Frontier,1,2,Flan_1565,rccl,1.081923
Frontier,1,2,Queen_4147,rccl,65.540515
Frontier,1,2,Serena,rccl,2.145441
Frontier,1,2,nd24k,rccl,0.202015
Frontier,1,2,ldoor,rccl,3.966421
Frontier,1,4,audikw_1,rccl,41.451086
Frontier,1,4,Bump_2911,rccl,15.634712
Frontier,1,4,Cube_Coup_dt0,rccl,0.219006
Frontier,1,4,Flan_1565,rccl,0.621525
Frontier,1,4,Queen_4147,rccl,34.367692
Frontier,1,4,Serena,rccl,1.378321
Frontier,1,4,nd24k,rccl,0.152316
Frontier,1,4,ldoor,rccl,2.628998
Frontier,1,8,audikw_1,rccl,1.458959
Frontier,1,8,Bump_2911,rccl,10.391549
Frontier,1,8,Cube_Coup_dt0,rccl,0.148517
Frontier,1,8,Flan_1565,rccl,0.413204
Frontier,1,8,Queen_4147,rccl,20.116077
Frontier,1,8,Serena,rccl,1.021084
Frontier,1,8,nd24k,rccl,0.145000
Frontier,1,8,ldoor,rccl,2.084890
Frontier,2,1,audikw_1,rccl,6.884009
Frontier,2,1,Bump_2911,rccl,71.281146
Frontier,2,1,Cube_Coup_dt0,rccl,0.936618
Frontier,2,1,Flan_1565,rccl,2.740833
Frontier,2,1,Queen_4147,rccl,284.186336
Frontier,2,1,Serena,rccl,4.569145
Frontier,2,1,nd24k,rccl,0.570153
Frontier,2,1,ldoor,rccl,8.106454
Frontier,2,2,audikw_1,rccl,5.448481
Frontier,2,2,Bump_2911,rccl,54.489051
Frontier,2,2,Cube_Coup_dt0,rccl,0.569350
Frontier,2,2,Flan_1565,rccl,1.486187
Frontier,2,2,Queen_4147,rccl,122.098340
Frontier,2,2,Serena,rccl,6.086815
Frontier,2,2,nd24k,rccl,0.735466
Frontier,2,2,ldoor,rccl,6.876454
Frontier,2,4,audikw_1,rccl,7.961007
Frontier,2,4,Bump_2911,rccl,53.510799
Frontier,2,4,Cube_Coup_dt0,rccl,0.967285
Frontier,2,4,Flan_1565,rccl,1.386682
Frontier,2,4,Queen_4147,rccl,91.960199
Frontier,2,4,Serena,rccl,4.570404
Frontier,2,4,nd24k,rccl,0.727286
Frontier,2,4,ldoor,rccl,22.869280
Frontier,2,8,audikw_1,rccl,19.490279
Frontier,2,8,Bump_2911,rccl,246.513489
Frontier,2,8,Cube_Coup_dt0,rccl,1.635626
Frontier,2,8,Flan_1565,rccl,9.028533
Frontier,2,8,Queen_4147,rccl,164.990962
Frontier,2,8,Serena,rccl,14.627674
Frontier,2,8,nd24k,rccl,1.098448
Frontier,2,8,ldoor,rccl,25.507523
Frontier,4,1,audikw_1,rccl,14.451729
Frontier,4,1,Bump_2911,rccl,103.991277
Frontier,4,1,Cube_Coup_dt0,rccl,1.540788
Frontier,4,1,Flan_1565,rccl,5.737243
Frontier,4,1,Queen_4147,rccl,312.654738
Frontier,4,1,Serena,rccl,10.446798
Frontier,4,1,nd24k,rccl,1.038204
Frontier,4,1,ldoor,rccl,14.851498
Frontier,4,2,audikw_1,rccl,44.007178
Frontier,4,2,Bump_2911,rccl,193.712603
Frontier,4,2,Cube_Coup_dt0,rccl,4.321086
Frontier,4,2,Flan_1565,rccl,12.809368
Frontier,4,2,Queen_4147,rccl,690.919386
Frontier,4,2,Serena,rccl,30.909463
Frontier,1,1,audikw_1,rccl,5.398757
Frontier,1,1,Bump_2911,rccl,49.990856
Frontier,1,1,Cube_Coup_dt0,rccl,0.658048
Frontier,1,1,Flan_1565,rccl,1.997310
Frontier,1,1,Queen_4147,rccl,122.117321
Frontier,1,1,Serena,rccl,3.515318
Frontier,1,1,nd24k,rccl,0.257076
Frontier,1,1,ldoor,rccl,6.277086
Frontier,1,2,audikw_1,rccl,3.050642
Frontier,1,2,Bump_2911,rccl,27.232710
Frontier,1,2,Cube_Coup_dt0,rccl,0.367723
Frontier,1,2,Flan_1565,rccl,1.090880
Frontier,1,2,Queen_4147,rccl,64.895689
Frontier,1,2,Serena,rccl,2.129753
Frontier,1,2,nd24k,rccl,0.203752
Frontier,1,2,ldoor,rccl,3.927078
Frontier,1,4,audikw_1,rccl,2.019503
Frontier,1,4,Bump_2911,rccl,15.623920
Frontier,1,4,Cube_Coup_dt0,rccl,0.220478
Frontier,1,4,Flan_1565,rccl,0.624849
Frontier,1,4,Queen_4147,rccl,34.493080
Frontier,1,4,Serena,rccl,1.399656
Frontier,1,4,nd24k,rccl,0.158217
Frontier,1,4,ldoor,rccl,2.642384
Frontier,1,8,audikw_1,rccl,1.473369
Frontier,1,8,Bump_2911,rccl,10.356472
Frontier,1,8,Cube_Coup_dt0,rccl,0.147454
Frontier,1,8,Flan_1565,rccl,0.410222
Frontier,1,8,Queen_4147,rccl,19.871663
Frontier,1,8,Serena,rccl,1.026153
Frontier,1,8,nd24k,rccl,0.146013
Frontier,1,8,ldoor,rccl,2.049791
Frontier,2,1,audikw_1,rccl,7.886252
Frontier,2,1,Bump_2911,rccl,68.283576
Frontier,2,1,Cube_Coup_dt0,rccl,0.938074
Frontier,2,1,Flan_1565,rccl,2.650189
Frontier,2,1,Queen_4147,rccl,156.073947
Frontier,2,1,Serena,rccl,4.500533
Frontier,2,1,nd24k,rccl,0.404019
Frontier,2,1,ldoor,rccl,7.783104
Frontier,2,2,audikw_1,rccl,5.545903
Frontier,2,2,Bump_2911,rccl,48.292947
Frontier,2,2,Cube_Coup_dt0,rccl,0.518315
Frontier,2,2,Flan_1565,rccl,1.721710
Frontier,2,2,Queen_4147,rccl,169.255139
Frontier,2,2,Serena,rccl,4.176397
Frontier,2,2,nd24k,rccl,0.697313
Frontier,2,2,ldoor,rccl,8.602995
Frontier,2,4,audikw_1,rccl,6.242940
Frontier,2,4,Bump_2911,rccl,122.167733
Frontier,2,4,Cube_Coup_dt0,rccl,0.896393
Frontier,2,4,Flan_1565,rccl,2.264825
Frontier,2,4,Queen_4147,rccl,126.953190
Frontier,2,4,Serena,rccl,8.690439
Frontier,2,4,nd24k,rccl,0.869139
Frontier,2,4,ldoor,rccl,10.318624
Frontier,2,8,audikw_1,rccl,14.675819
Frontier,2,8,Bump_2911,rccl,91.869262
Frontier,2,8,Cube_Coup_dt0,rccl,2.982527
Frontier,2,8,Flan_1565,rccl,4.706542
Frontier,2,8,Queen_4147,rccl,196.874200
Frontier,2,8,Serena,rccl,8.014899
Frontier,2,8,nd24k,rccl,1.823250
Frontier,2,8,ldoor,rccl,24.186687
Frontier,4,1,audikw_1,rccl,17.326122
Frontier,4,1,Bump_2911,rccl,144.185184
Frontier,4,1,Cube_Coup_dt0,rccl,1.589042
Frontier,4,1,Flan_1565,rccl,5.077539
Frontier,4,1,Queen_4147,rccl,262.916654
Frontier,4,1,Serena,rccl,8.054242
Frontier,4,1,nd24k,rccl,0.881357
Frontier,4,1,ldoor,rccl,13.413747
Frontier,4,2,audikw_1,rccl,61.649774
Frontier,4,2,Bump_2911,rccl,264.299461
Frontier,4,2,Cube_Coup_dt0,rccl,3.308901
Frontier,4,2,Flan_1565,rccl,8.385982
Frontier,4,2,Queen_4147,rccl,568.342890
Frontier,4,2,Serena,rccl,26.846596
Frontier,1,1,audikw_1,rccl,5.267352
Frontier,1,1,Bump_2911,rccl,49.755112
Frontier,1,1,Cube_Coup_dt0,rccl,0.657661
Frontier,1,1,Flan_1565,rccl,1.944273
Frontier,1,1,Queen_4147,rccl,118.926820
Frontier,1,1,Serena,rccl,3.511482
Frontier,1,1,nd24k,rccl,0.254262
Frontier,1,1,ldoor,rccl,6.310853
Frontier,1,2,audikw_1,rccl,2.991362
Frontier,1,2,Bump_2911,rccl,27.319169
Frontier,1,2,Cube_Coup_dt0,rccl,0.376294
Frontier,1,2,Flan_1565,rccl,1.106572
Frontier,1,2,Queen_4147,rccl,65.964747
Frontier,1,2,Serena,rccl,2.125550
Frontier,1,2,nd24k,rccl,0.199524
Frontier,1,2,ldoor,rccl,3.951251
Frontier,1,4,audikw_1,rccl,1.999898
Frontier,1,4,Bump_2911,rccl,15.694908
Frontier,1,4,Cube_Coup_dt0,rccl,0.220057
Frontier,1,4,Flan_1565,rccl,0.622361
Frontier,1,4,Queen_4147,rccl,34.646062
Frontier,1,4,Serena,rccl,1.398969
Frontier,1,4,nd24k,rccl,0.156569
Frontier,1,4,ldoor,rccl,2.656579
Frontier,1,8,audikw_1,rccl,1.462515
Frontier,1,8,Bump_2911,rccl,10.316064
Frontier,1,8,Cube_Coup_dt0,rccl,0.147437
Frontier,1,8,Flan_1565,rccl,0.412974
Frontier,1,8,Queen_4147,rccl,20.073271
Frontier,1,8,Serena,rccl,1.034724
Frontier,1,8,nd24k,rccl,0.145377
Frontier,1,8,ldoor,rccl,2.048701
Frontier,2,1,audikw_1,rccl,7.412415
Frontier,2,1,Bump_2911,rccl,83.124308
Frontier,2,1,Cube_Coup_dt0,rccl,0.879631
Frontier,2,1,Flan_1565,rccl,3.024496
Frontier,2,1,Queen_4147,rccl,162.485776
Frontier,2,1,Serena,rccl,4.857940
Frontier,2,1,nd24k,rccl,0.413945
Frontier,2,1,ldoor,rccl,9.635599
Frontier,2,2,audikw_1,rccl,7.323349
Frontier,2,2,Bump_2911,rccl,72.316276
Frontier,2,2,Cube_Coup_dt0,rccl,0.525781
Frontier,2,2,Flan_1565,rccl,4.282228
Frontier,2,2,Queen_4147,rccl,207.501424
Frontier,2,2,Serena,rccl,8.043822
Frontier,4,1,audikw_1,rccl,13.402132
Frontier,4,1,Bump_2911,rccl,54.968585
Frontier,4,1,Cube_Coup_dt0,rccl,0.815221
Frontier,4,1,Flan_1565,rccl,6.667802
Frontier,4,1,Queen_4147,rccl,259.556665
Frontier,8,1,audikw_1,rccl,71.959883
